nama_variabel,jenis_kelamin,tahun,persen,provinsi
Penduduk Berumur 10 Tahun ke Atas yang Buta Huruf,Perempuan,2021,2.34,ACEH
Penduduk Berumur 10 Tahun ke Atas yang Buta Huruf,Perempuan,2021,1.07,SUMATERA UTARA
Penduduk Berumur 10 Tahun ke Atas yang Buta Huruf,Perempuan,2021,0.96,SUMATERA BARAT
Penduduk Berumur 10 Tahun ke Atas yang Buta Huruf,Perempuan,2021,1,RIAU
Penduduk Berumur 10 Tahun ke Atas yang Buta Huruf,Perempuan,2021,2.31,JAMBI
Penduduk Berumur 10 Tahun ke Atas yang Buta Huruf,Perempuan,2021,1.61,SUMATERA SELATAN
Penduduk Berumur 10 Tahun ke Atas yang Buta Huruf,Perempuan,2021,2.86,BENGKULU
Penduduk Berumur 10 Tahun ke Atas yang Buta Huruf,Perempuan,2021,3.59,LAMPUNG
Penduduk Berumur 10 Tahun ke Atas yang Buta Huruf,Perempuan,2021,2.63,KEP. BANGKA BELITUNG
Penduduk Berumur 10 Tahun ke Atas yang Buta Huruf,Perempuan,2021,0.98,KEP. RIAU
Penduduk Berumur 10 Tahun ke Atas yang Buta Huruf,Perempuan,2021,0.31,DKI JAKARTA
Penduduk Berumur 10 Tahun ke Atas yang Buta Huruf,Perempuan,2021,1.88,JAWA BARAT
Penduduk Berumur 10 Tahun ke Atas yang Buta Huruf,Perempuan,2021,7.87,JAWA TENGAH
Penduduk Berumur 10 Tahun ke Atas yang Buta Huruf,Perempuan,2021,6.45,DI YOGYAKARTA
Penduduk Berumur 10 Tahun ke Atas yang Buta Huruf,Perempuan,2021,9.18,JAWA TIMUR
Penduduk Berumur 10 Tahun ke Atas yang Buta Huruf,Perempuan,2021,3,BANTEN
Penduduk Berumur 10 Tahun ke Atas yang Buta Huruf,Perempuan,2021,6.77,BALI
Penduduk Berumur 10 Tahun ke Atas yang Buta Huruf,Perempuan,2021,14.4,NUSA TENGGARA BARAT
Penduduk Berumur 10 Tahun ke Atas yang Buta Huruf,Perempuan,2021,6.34,NUSA TENGGARA TIMUR
Penduduk Berumur 10 Tahun ke Atas yang Buta Huruf,Perempuan,2021,8.21,KALIMANTAN BARAT
Penduduk Berumur 10 Tahun ke Atas yang Buta Huruf,Perempuan,2021,1.09,KALIMANTAN TENGAH
Penduduk Berumur 10 Tahun ke Atas yang Buta Huruf,Perempuan,2021,2.41,KALIMANTAN SELATAN
Penduduk Berumur 10 Tahun ke Atas yang Buta Huruf,Perempuan,2021,1.4,KALIMANTAN TIMUR
Penduduk Berumur 10 Tahun ke Atas yang Buta Huruf,Perempuan,2021,3.61,KALIMANTAN UTARA
Penduduk Berumur 10 Tahun ke Atas yang Buta Huruf,Perempuan,2021,0.23,SULAWESI UTARA
Penduduk Berumur 10 Tahun ke Atas yang Buta Huruf,Perempuan,2021,2.06,SULAWESI TENGAH
Penduduk Berumur 10 Tahun ke Atas yang Buta Huruf,Perempuan,2021,8.03,SULAWESI SELATAN
Penduduk Berumur 10 Tahun ke Atas yang Buta Huruf,Perempuan,2021,6.11,SULAWESI TENGGARA
Penduduk Berumur 10 Tahun ke Atas yang Buta Huruf,Perempuan,2021,1.18,GORONTALO
Penduduk Berumur 10 Tahun ke Atas yang Buta Huruf,Perempuan,2021,7.98,SULAWESI BARAT
Penduduk Berumur 10 Tahun ke Atas yang Buta Huruf,Perempuan,2021,0.6,MALUKU
Penduduk Berumur 10 Tahun ke Atas yang Buta Huruf,Perempuan,2021,1.82,MALUKU UTARA
Penduduk Berumur 10 Tahun ke Atas yang Buta Huruf,Perempuan,2021,2.76,PAPUA BARAT
Penduduk Berumur 10 Tahun ke Atas yang Buta Huruf,Perempuan,2021,22.47,PAPUA
Penduduk Berumur 10 Tahun ke Atas yang Buta Huruf,Perempuan,2021,4.87,INDONESIA
Penduduk Berumur 10 Tahun ke Atas yang Buta Huruf,Laki-Laki,2021,0.92,ACEH
Penduduk Berumur 10 Tahun ke Atas yang Buta Huruf,Laki-Laki,2021,0.49,SUMATERA UTARA
Penduduk Berumur 10 Tahun ke Atas yang Buta Huruf,Laki-Laki,2021,0.49,SUMATERA BARAT
Penduduk Berumur 10 Tahun ke Atas yang Buta Huruf,Laki-Laki,2021,0.54,RIAU
Penduduk Berumur 10 Tahun ke Atas yang Buta Huruf,Laki-Laki,2021,1.29,JAMBI
Penduduk Berumur 10 Tahun ke Atas yang Buta Huruf,Laki-Laki,2021,0.69,SUMATERA SELATAN
Penduduk Berumur 10 Tahun ke Atas yang Buta Huruf,Laki-Laki,2021,1.06,BENGKULU
Penduduk Berumur 10 Tahun ke Atas yang Buta Huruf,Laki-Laki,2021,1.38,LAMPUNG
Penduduk Berumur 10 Tahun ke Atas yang Buta Huruf,Laki-Laki,2021,0.92,KEP. BANGKA BELITUNG
Penduduk Berumur 10 Tahun ke Atas yang Buta Huruf,Laki-Laki,2021,0.7,KEP. RIAU
Penduduk Berumur 10 Tahun ke Atas yang Buta Huruf,Laki-Laki,2021,0.26,DKI JAKARTA
Penduduk Berumur 10 Tahun ke Atas yang Buta Huruf,Laki-Laki,2021,0.67,JAWA BARAT
Penduduk Berumur 10 Tahun ke Atas yang Buta Huruf,Laki-Laki,2021,3.43,JAWA TENGAH
Penduduk Berumur 10 Tahun ke Atas yang Buta Huruf,Laki-Laki,2021,2.38,DI YOGYAKARTA
Penduduk Berumur 10 Tahun ke Atas yang Buta Huruf,Laki-Laki,2021,4.47,JAWA TIMUR
Penduduk Berumur 10 Tahun ke Atas yang Buta Huruf,Laki-Laki,2021,1.09,BANTEN
Penduduk Berumur 10 Tahun ke Atas yang Buta Huruf,Laki-Laki,2021,2.43,BALI
Penduduk Berumur 10 Tahun ke Atas yang Buta Huruf,Laki-Laki,2021,8.05,NUSA TENGGARA BARAT
Penduduk Berumur 10 Tahun ke Atas yang Buta Huruf,Laki-Laki,2021,4.69,NUSA TENGGARA TIMUR
Penduduk Berumur 10 Tahun ke Atas yang Buta Huruf,Laki-Laki,2021,3.8,KALIMANTAN BARAT
Penduduk Berumur 10 Tahun ke Atas yang Buta Huruf,Laki-Laki,2021,0.69,KALIMANTAN TENGAH
Penduduk Berumur 10 Tahun ke Atas yang Buta Huruf,Laki-Laki,2021,0.88,KALIMANTAN SELATAN
Penduduk Berumur 10 Tahun ke Atas yang Buta Huruf,Laki-Laki,2021,0.65,KALIMANTAN TIMUR
Penduduk Berumur 10 Tahun ke Atas yang Buta Huruf,Laki-Laki,2021,2.68,KALIMANTAN UTARA
Penduduk Berumur 10 Tahun ke Atas yang Buta Huruf,Laki-Laki,2021,0.19,SULAWESI UTARA
Penduduk Berumur 10 Tahun ke Atas yang Buta Huruf,Laki-Laki,2021,1.19,SULAWESI TENGAH
Penduduk Berumur 10 Tahun ke Atas yang Buta Huruf,Laki-Laki,2021,5.54,SULAWESI SELATAN
Penduduk Berumur 10 Tahun ke Atas yang Buta Huruf,Laki-Laki,2021,2.88,SULAWESI TENGGARA
Penduduk Berumur 10 Tahun ke Atas yang Buta Huruf,Laki-Laki,2021,1.23,GORONTALO
Penduduk Berumur 10 Tahun ke Atas yang Buta Huruf,Laki-Laki,2021,4.5,SULAWESI BARAT
Penduduk Berumur 10 Tahun ke Atas yang Buta Huruf,Laki-Laki,2021,0.55,MALUKU
Penduduk Berumur 10 Tahun ke Atas yang Buta Huruf,Laki-Laki,2021,0.63,MALUKU UTARA
Penduduk Berumur 10 Tahun ke Atas yang Buta Huruf,Laki-Laki,2021,1.44,PAPUA BARAT
Penduduk Berumur 10 Tahun ke Atas yang Buta Huruf,Laki-Laki,2021,17.74,PAPUA
Penduduk Berumur 10 Tahun ke Atas yang Buta Huruf,Laki-Laki,2021,2.38,INDONESIA
Penduduk Berumur 10 Tahun ke Atas yang Buta Huruf,Perempuan,2020,2.21,ACEH
Penduduk Berumur 10 Tahun ke Atas yang Buta Huruf,Perempuan,2020,1.1,SUMATERA UTARA
Penduduk Berumur 10 Tahun ke Atas yang Buta Huruf,Perempuan,2020,1.01,SUMATERA BARAT
Penduduk Berumur 10 Tahun ke Atas yang Buta Huruf,Perempuan,2020,1.04,RIAU
Penduduk Berumur 10 Tahun ke Atas yang Buta Huruf,Perempuan,2020,2.26,JAMBI
Penduduk Berumur 10 Tahun ke Atas yang Buta Huruf,Perempuan,2020,1.64,SUMATERA SELATAN
Penduduk Berumur 10 Tahun ke Atas yang Buta Huruf,Perempuan,2020,2.83,BENGKULU
Penduduk Berumur 10 Tahun ke Atas yang Buta Huruf,Perempuan,2020,3.6,LAMPUNG
Penduduk Berumur 10 Tahun ke Atas yang Buta Huruf,Perempuan,2020,2.47,KEP. BANGKA BELITUNG
Penduduk Berumur 10 Tahun ke Atas yang Buta Huruf,Perempuan,2020,1.29,KEP. RIAU
Penduduk Berumur 10 Tahun ke Atas yang Buta Huruf,Perempuan,2020,0.39,DKI JAKARTA
Penduduk Berumur 10 Tahun ke Atas yang Buta Huruf,Perempuan,2020,1.85,JAWA BARAT
Penduduk Berumur 10 Tahun ke Atas yang Buta Huruf,Perempuan,2020,8.08,JAWA TENGAH
Penduduk Berumur 10 Tahun ke Atas yang Buta Huruf,Perempuan,2020,6.62,DI YOGYAKARTA
Penduduk Berumur 10 Tahun ke Atas yang Buta Huruf,Perempuan,2020,9.23,JAWA TIMUR
Penduduk Berumur 10 Tahun ke Atas yang Buta Huruf,Perempuan,2020,2.83,BANTEN
Penduduk Berumur 10 Tahun ke Atas yang Buta Huruf,Perempuan,2020,6.73,BALI
Penduduk Berumur 10 Tahun ke Atas yang Buta Huruf,Perempuan,2020,13.95,NUSA TENGGARA BARAT
Penduduk Berumur 10 Tahun ke Atas yang Buta Huruf,Perempuan,2020,6.52,NUSA TENGGARA TIMUR
Penduduk Berumur 10 Tahun ke Atas yang Buta Huruf,Perempuan,2020,8.16,KALIMANTAN BARAT
Penduduk Berumur 10 Tahun ke Atas yang Buta Huruf,Perempuan,2020,1.27,KALIMANTAN TENGAH
Penduduk Berumur 10 Tahun ke Atas yang Buta Huruf,Perempuan,2020,2.04,KALIMANTAN SELATAN
Penduduk Berumur 10 Tahun ke Atas yang Buta Huruf,Perempuan,2020,1.4,KALIMANTAN TIMUR
Penduduk Berumur 10 Tahun ke Atas yang Buta Huruf,Perempuan,2020,3.84,KALIMANTAN UTARA
Penduduk Berumur 10 Tahun ke Atas yang Buta Huruf,Perempuan,2020,0.25,SULAWESI UTARA
Penduduk Berumur 10 Tahun ke Atas yang Buta Huruf,Perempuan,2020,2.13,SULAWESI TENGAH
Penduduk Berumur 10 Tahun ke Atas yang Buta Huruf,Perempuan,2020,7.74,SULAWESI SELATAN
Penduduk Berumur 10 Tahun ke Atas yang Buta Huruf,Perempuan,2020,6.01,SULAWESI TENGGARA
Penduduk Berumur 10 Tahun ke Atas yang Buta Huruf,Perempuan,2020,1.07,GORONTALO
Penduduk Berumur 10 Tahun ke Atas yang Buta Huruf,Perempuan,2020,7.54,SULAWESI BARAT
Penduduk Berumur 10 Tahun ke Atas yang Buta Huruf,Perempuan,2020,0.75,MALUKU
Penduduk Berumur 10 Tahun ke Atas yang Buta Huruf,Perempuan,2020,1.46,MALUKU UTARA
Penduduk Berumur 10 Tahun ke Atas yang Buta Huruf,Perempuan,2020,3.03,PAPUA BARAT
Penduduk Berumur 10 Tahun ke Atas yang Buta Huruf,Perempuan,2020,24.96,PAPUA
Penduduk Berumur 10 Tahun ke Atas yang Buta Huruf,Perempuan,2020,4.92,INDONESIA
Penduduk Berumur 10 Tahun ke Atas yang Buta Huruf,Laki-Laki,2020,0.93,ACEH
Penduduk Berumur 10 Tahun ke Atas yang Buta Huruf,Laki-Laki,2020,0.44,SUMATERA UTARA
Penduduk Berumur 10 Tahun ke Atas yang Buta Huruf,Laki-Laki,2020,0.52,SUMATERA BARAT
Penduduk Berumur 10 Tahun ke Atas yang Buta Huruf,Laki-Laki,2020,0.4,RIAU
Penduduk Berumur 10 Tahun ke Atas yang Buta Huruf,Laki-Laki,2020,1.04,JAMBI
Penduduk Berumur 10 Tahun ke Atas yang Buta Huruf,Laki-Laki,2020,0.7,SUMATERA SELATAN
Penduduk Berumur 10 Tahun ke Atas yang Buta Huruf,Laki-Laki,2020,0.87,BENGKULU
Penduduk Berumur 10 Tahun ke Atas yang Buta Huruf,Laki-Laki,2020,1.46,LAMPUNG
Penduduk Berumur 10 Tahun ke Atas yang Buta Huruf,Laki-Laki,2020,1.07,KEP. BANGKA BELITUNG
Penduduk Berumur 10 Tahun ke Atas yang Buta Huruf,Laki-Laki,2020,0.52,KEP. RIAU
Penduduk Berumur 10 Tahun ke Atas yang Buta Huruf,Laki-Laki,2020,0.17,DKI JAKARTA
Penduduk Berumur 10 Tahun ke Atas yang Buta Huruf,Laki-Laki,2020,0.64,JAWA BARAT
Penduduk Berumur 10 Tahun ke Atas yang Buta Huruf,Laki-Laki,2020,3.42,JAWA TENGAH
Penduduk Berumur 10 Tahun ke Atas yang Buta Huruf,Laki-Laki,2020,2.39,DI YOGYAKARTA
Penduduk Berumur 10 Tahun ke Atas yang Buta Huruf,Laki-Laki,2020,4.39,JAWA TIMUR
Penduduk Berumur 10 Tahun ke Atas yang Buta Huruf,Laki-Laki,2020,1.07,BANTEN
Penduduk Berumur 10 Tahun ke Atas yang Buta Huruf,Laki-Laki,2020,2.73,BALI
Penduduk Berumur 10 Tahun ke Atas yang Buta Huruf,Laki-Laki,2020,7.79,NUSA TENGGARA BARAT
Penduduk Berumur 10 Tahun ke Atas yang Buta Huruf,Laki-Laki,2020,4.99,NUSA TENGGARA TIMUR
Penduduk Berumur 10 Tahun ke Atas yang Buta Huruf,Laki-Laki,2020,3.71,KALIMANTAN BARAT
Penduduk Berumur 10 Tahun ke Atas yang Buta Huruf,Laki-Laki,2020,0.34,KALIMANTAN TENGAH
Penduduk Berumur 10 Tahun ke Atas yang Buta Huruf,Laki-Laki,2020,0.81,KALIMANTAN SELATAN
Penduduk Berumur 10 Tahun ke Atas yang Buta Huruf,Laki-Laki,2020,0.54,KALIMANTAN TIMUR
Penduduk Berumur 10 Tahun ke Atas yang Buta Huruf,Laki-Laki,2020,2.23,KALIMANTAN UTARA
Penduduk Berumur 10 Tahun ke Atas yang Buta Huruf,Laki-Laki,2020,0.27,SULAWESI UTARA
Penduduk Berumur 10 Tahun ke Atas yang Buta Huruf,Laki-Laki,2020,1.23,SULAWESI TENGAH
Penduduk Berumur 10 Tahun ke Atas yang Buta Huruf,Laki-Laki,2020,5.49,SULAWESI SELATAN
Penduduk Berumur 10 Tahun ke Atas yang Buta Huruf,Laki-Laki,2020,2.78,SULAWESI TENGGARA
Penduduk Berumur 10 Tahun ke Atas yang Buta Huruf,Laki-Laki,2020,1.25,GORONTALO
Penduduk Berumur 10 Tahun ke Atas yang Buta Huruf,Laki-Laki,2020,4.65,SULAWESI BARAT
Penduduk Berumur 10 Tahun ke Atas yang Buta Huruf,Laki-Laki,2020,0.33,MALUKU
Penduduk Berumur 10 Tahun ke Atas yang Buta Huruf,Laki-Laki,2020,0.75,MALUKU UTARA
Penduduk Berumur 10 Tahun ke Atas yang Buta Huruf,Laki-Laki,2020,1.67,PAPUA BARAT
Penduduk Berumur 10 Tahun ke Atas yang Buta Huruf,Laki-Laki,2020,16.26,PAPUA
Penduduk Berumur 10 Tahun ke Atas yang Buta Huruf,Laki-Laki,2020,2.32,INDONESIA
Penduduk Berumur 10 Tahun ke Atas yang Buta Huruf,Perempuan,2019,2.2934278819369,ACEH
Penduduk Berumur 10 Tahun ke Atas yang Buta Huruf,Perempuan,2019,1.1473480374364,SUMATERA UTARA
Penduduk Berumur 10 Tahun ke Atas yang Buta Huruf,Perempuan,2019,1.0112758632863,SUMATERA BARAT
Penduduk Berumur 10 Tahun ke Atas yang Buta Huruf,Perempuan,2019,1.0088074941872,RIAU
Penduduk Berumur 10 Tahun ke Atas yang Buta Huruf,Perempuan,2019,2.5082941373116,JAMBI
Penduduk Berumur 10 Tahun ke Atas yang Buta Huruf,Perempuan,2019,1.5487846340377,SUMATERA SELATAN
Penduduk Berumur 10 Tahun ke Atas yang Buta Huruf,Perempuan,2019,2.8296480173262,BENGKULU
Penduduk Berumur 10 Tahun ke Atas yang Buta Huruf,Perempuan,2019,3.8362707556316,LAMPUNG
Penduduk Berumur 10 Tahun ke Atas yang Buta Huruf,Perempuan,2019,2.5749782263524,KEP. BANGKA BELITUNG
Penduduk Berumur 10 Tahun ke Atas yang Buta Huruf,Perempuan,2019,1.0413192541096,KEP. RIAU
Penduduk Berumur 10 Tahun ke Atas yang Buta Huruf,Perempuan,2019,0.39464762164209,DKI JAKARTA
Penduduk Berumur 10 Tahun ke Atas yang Buta Huruf,Perempuan,2019,1.8921620952906,JAWA BARAT
Penduduk Berumur 10 Tahun ke Atas yang Buta Huruf,Perempuan,2019,8.2762891858242,JAWA TENGAH
Penduduk Berumur 10 Tahun ke Atas yang Buta Huruf,Perempuan,2019,7.2325006101107,DI YOGYAKARTA
Penduduk Berumur 10 Tahun ke Atas yang Buta Huruf,Perempuan,2019,9.568919121596,JAWA TIMUR
Penduduk Berumur 10 Tahun ke Atas yang Buta Huruf,Perempuan,2019,3.3119073505341,BANTEN
Penduduk Berumur 10 Tahun ke Atas yang Buta Huruf,Perempuan,2019,7.5683881954258,BALI
Penduduk Berumur 10 Tahun ke Atas yang Buta Huruf,Perempuan,2019,14.748906459473,NUSA TENGGARA BARAT
Penduduk Berumur 10 Tahun ke Atas yang Buta Huruf,Perempuan,2019,7.0096930839567,NUSA TENGGARA TIMUR
Penduduk Berumur 10 Tahun ke Atas yang Buta Huruf,Perempuan,2019,8.7571647327365,KALIMANTAN BARAT
Penduduk Berumur 10 Tahun ke Atas yang Buta Huruf,Perempuan,2019,1.0142200047713,KALIMANTAN TENGAH
Penduduk Berumur 10 Tahun ke Atas yang Buta Huruf,Perempuan,2019,2.0224542871467,KALIMANTAN SELATAN
Penduduk Berumur 10 Tahun ke Atas yang Buta Huruf,Perempuan,2019,1.1366354384763,KALIMANTAN TIMUR
Penduduk Berumur 10 Tahun ke Atas yang Buta Huruf,Perempuan,2019,4.225992172939,KALIMANTAN UTARA
Penduduk Berumur 10 Tahun ke Atas yang Buta Huruf,Perempuan,2019,0.16760987424178,SULAWESI UTARA
Penduduk Berumur 10 Tahun ke Atas yang Buta Huruf,Perempuan,2019,1.9396600648525,SULAWESI TENGAH
Penduduk Berumur 10 Tahun ke Atas yang Buta Huruf,Perempuan,2019,8.1754938259085,SULAWESI SELATAN
Penduduk Berumur 10 Tahun ke Atas yang Buta Huruf,Perempuan,2019,6.114548446114,SULAWESI TENGGARA
Penduduk Berumur 10 Tahun ke Atas yang Buta Huruf,Perempuan,2019,1.2991098866653,GORONTALO
Penduduk Berumur 10 Tahun ke Atas yang Buta Huruf,Perempuan,2019,6.6751293880463,SULAWESI BARAT
Penduduk Berumur 10 Tahun ke Atas yang Buta Huruf,Perempuan,2019,0.64405341984985,MALUKU
Penduduk Berumur 10 Tahun ke Atas yang Buta Huruf,Perempuan,2019,1.4765844533433,MALUKU UTARA
Penduduk Berumur 10 Tahun ke Atas yang Buta Huruf,Perempuan,2019,3.1474292768249,PAPUA BARAT
Penduduk Berumur 10 Tahun ke Atas yang Buta Huruf,Perempuan,2019,25.009114411288,PAPUA
Penduduk Berumur 10 Tahun ke Atas yang Buta Huruf,Perempuan,2019,5.1172953103878,INDONESIA
Penduduk Berumur 10 Tahun ke Atas yang Buta Huruf,Laki-Laki,2019,0.8982088136585,ACEH
Penduduk Berumur 10 Tahun ke Atas yang Buta Huruf,Laki-Laki,2019,0.3837196236503,SUMATERA UTARA
Penduduk Berumur 10 Tahun ke Atas yang Buta Huruf,Laki-Laki,2019,0.48584662756135,SUMATERA BARAT
Penduduk Berumur 10 Tahun ke Atas yang Buta Huruf,Laki-Laki,2019,0.43522210372404,RIAU
Penduduk Berumur 10 Tahun ke Atas yang Buta Huruf,Laki-Laki,2019,0.75687261558067,JAMBI
Penduduk Berumur 10 Tahun ke Atas yang Buta Huruf,Laki-Laki,2019,0.72100363600235,SUMATERA SELATAN
Penduduk Berumur 10 Tahun ke Atas yang Buta Huruf,Laki-Laki,2019,0.79412127898141,BENGKULU
Penduduk Berumur 10 Tahun ke Atas yang Buta Huruf,Laki-Laki,2019,1.4130489175705,LAMPUNG
Penduduk Berumur 10 Tahun ke Atas yang Buta Huruf,Laki-Laki,2019,0.96210312082821,KEP. BANGKA BELITUNG
Penduduk Berumur 10 Tahun ke Atas yang Buta Huruf,Laki-Laki,2019,0.72240607798031,KEP. RIAU
Penduduk Berumur 10 Tahun ke Atas yang Buta Huruf,Laki-Laki,2019,0.10216391398657,DKI JAKARTA
Penduduk Berumur 10 Tahun ke Atas yang Buta Huruf,Laki-Laki,2019,0.79320367673225,JAWA BARAT
Penduduk Berumur 10 Tahun ke Atas yang Buta Huruf,Laki-Laki,2019,3.3795532926473,JAWA TENGAH
Penduduk Berumur 10 Tahun ke Atas yang Buta Huruf,Laki-Laki,2019,1.9718876225763,DI YOGYAKARTA
Penduduk Berumur 10 Tahun ke Atas yang Buta Huruf,Laki-Laki,2019,4.3461844960093,JAWA TIMUR
Penduduk Berumur 10 Tahun ke Atas yang Buta Huruf,Laki-Laki,2019,1.0285357517642,BANTEN
Penduduk Berumur 10 Tahun ke Atas yang Buta Huruf,Laki-Laki,2019,2.395941801912,BALI
Penduduk Berumur 10 Tahun ke Atas yang Buta Huruf,Laki-Laki,2019,6.9408940964372,NUSA TENGGARA BARAT
Penduduk Berumur 10 Tahun ke Atas yang Buta Huruf,Laki-Laki,2019,4.6603427850735,NUSA TENGGARA TIMUR
Penduduk Berumur 10 Tahun ke Atas yang Buta Huruf,Laki-Laki,2019,3.5050666456575,KALIMANTAN BARAT
Penduduk Berumur 10 Tahun ke Atas yang Buta Huruf,Laki-Laki,2019,0.4483604425595,KALIMANTAN TENGAH
Penduduk Berumur 10 Tahun ke Atas yang Buta Huruf,Laki-Laki,2019,0.70798254707537,KALIMANTAN SELATAN
Penduduk Berumur 10 Tahun ke Atas yang Buta Huruf,Laki-Laki,2019,0.66015079987814,KALIMANTAN TIMUR
Penduduk Berumur 10 Tahun ke Atas yang Buta Huruf,Laki-Laki,2019,2.3039387891182,KALIMANTAN UTARA
Penduduk Berumur 10 Tahun ke Atas yang Buta Huruf,Laki-Laki,2019,0.24796400009861,SULAWESI UTARA
Penduduk Berumur 10 Tahun ke Atas yang Buta Huruf,Laki-Laki,2019,1.3550619313893,SULAWESI TENGAH
Penduduk Berumur 10 Tahun ke Atas yang Buta Huruf,Laki-Laki,2019,5.1815238165392,SULAWESI SELATAN
Penduduk Berumur 10 Tahun ke Atas yang Buta Huruf,Laki-Laki,2019,2.7277394909913,SULAWESI TENGGARA
Penduduk Berumur 10 Tahun ke Atas yang Buta Huruf,Laki-Laki,2019,1.0826646770007,GORONTALO
Penduduk Berumur 10 Tahun ke Atas yang Buta Huruf,Laki-Laki,2019,4.6641862306713,SULAWESI BARAT
Penduduk Berumur 10 Tahun ke Atas yang Buta Huruf,Laki-Laki,2019,0.49328879763914,MALUKU
Penduduk Berumur 10 Tahun ke Atas yang Buta Huruf,Laki-Laki,2019,0.71673945660546,MALUKU UTARA
Penduduk Berumur 10 Tahun ke Atas yang Buta Huruf,Laki-Laki,2019,1.4500918138569,PAPUA BARAT
Penduduk Berumur 10 Tahun ke Atas yang Buta Huruf,Laki-Laki,2019,16.97005786579,PAPUA
Penduduk Berumur 10 Tahun ke Atas yang Buta Huruf,Laki-Laki,2019,2.2979263278844,INDONESIA
Penduduk Berumur 10 Tahun ke Atas yang Buta Huruf,Perempuan,2018,2.60311956958773,ACEH
Penduduk Berumur 10 Tahun ke Atas yang Buta Huruf,Perempuan,2018,1.25288142997071,SUMATERA UTARA
Penduduk Berumur 10 Tahun ke Atas yang Buta Huruf,Perempuan,2018,1.20872760036791,SUMATERA BARAT
Penduduk Berumur 10 Tahun ke Atas yang Buta Huruf,Perempuan,2018,1.06075137779029,RIAU
Penduduk Berumur 10 Tahun ke Atas yang Buta Huruf,Perempuan,2018,2.53123024782089,JAMBI
Penduduk Berumur 10 Tahun ke Atas yang Buta Huruf,Perempuan,2018,1.79352763929467,SUMATERA SELATAN
Penduduk Berumur 10 Tahun ke Atas yang Buta Huruf,Perempuan,2018,2.83821628704413,BENGKULU
Penduduk Berumur 10 Tahun ke Atas yang Buta Huruf,Perempuan,2018,4.0369049603979,LAMPUNG
Penduduk Berumur 10 Tahun ke Atas yang Buta Huruf,Perempuan,2018,2.77706183777503,KEP. BANGKA BELITUNG
Penduduk Berumur 10 Tahun ke Atas yang Buta Huruf,Perempuan,2018,1.39925311899827,KEP. RIAU
Penduduk Berumur 10 Tahun ke Atas yang Buta Huruf,Perempuan,2018,0.414307511402289,DKI JAKARTA
Penduduk Berumur 10 Tahun ke Atas yang Buta Huruf,Perempuan,2018,1.97621255452753,JAWA BARAT
Penduduk Berumur 10 Tahun ke Atas yang Buta Huruf,Perempuan,2018,8.48122020278542,JAWA TENGAH
Penduduk Berumur 10 Tahun ke Atas yang Buta Huruf,Perempuan,2018,6.7883582582252,DI YOGYAKARTA
Penduduk Berumur 10 Tahun ke Atas yang Buta Huruf,Perempuan,2018,10.2050701774314,JAWA TIMUR
Penduduk Berumur 10 Tahun ke Atas yang Buta Huruf,Perempuan,2018,3.29007691868394,BANTEN
Penduduk Berumur 10 Tahun ke Atas yang Buta Huruf,Perempuan,2018,9.54709200711854,BALI
Penduduk Berumur 10 Tahun ke Atas yang Buta Huruf,Perempuan,2018,14.7888889401288,NUSA TENGGARA BARAT
Penduduk Berumur 10 Tahun ke Atas yang Buta Huruf,Perempuan,2018,8.16593234571649,NUSA TENGGARA TIMUR
Penduduk Berumur 10 Tahun ke Atas yang Buta Huruf,Perempuan,2018,9.33727197599129,KALIMANTAN BARAT
Penduduk Berumur 10 Tahun ke Atas yang Buta Huruf,Perempuan,2018,0.992320070548872,KALIMANTAN TENGAH
Penduduk Berumur 10 Tahun ke Atas yang Buta Huruf,Perempuan,2018,2.14338728239924,KALIMANTAN SELATAN
Penduduk Berumur 10 Tahun ke Atas yang Buta Huruf,Perempuan,2018,1.31937013085771,KALIMANTAN TIMUR
Penduduk Berumur 10 Tahun ke Atas yang Buta Huruf,Perempuan,2018,5.09386797111595,KALIMANTAN UTARA
Penduduk Berumur 10 Tahun ke Atas yang Buta Huruf,Perempuan,2018,0.093371422086988,SULAWESI UTARA
Penduduk Berumur 10 Tahun ke Atas yang Buta Huruf,Perempuan,2018,2.47627064698306,SULAWESI TENGAH
Penduduk Berumur 10 Tahun ke Atas yang Buta Huruf,Perempuan,2018,8.77624582084856,SULAWESI SELATAN
Penduduk Berumur 10 Tahun ke Atas yang Buta Huruf,Perempuan,2018,6.51968258932785,SULAWESI TENGGARA
Penduduk Berumur 10 Tahun ke Atas yang Buta Huruf,Perempuan,2018,1.14742856682137,GORONTALO
Penduduk Berumur 10 Tahun ke Atas yang Buta Huruf,Perempuan,2018,7.71466419872234,SULAWESI BARAT
Penduduk Berumur 10 Tahun ke Atas yang Buta Huruf,Perempuan,2018,0.848471711687415,MALUKU
Penduduk Berumur 10 Tahun ke Atas yang Buta Huruf,Perempuan,2018,1.67722016766817,MALUKU UTARA
Penduduk Berumur 10 Tahun ke Atas yang Buta Huruf,Perempuan,2018,3.36318214815376,PAPUA BARAT
Penduduk Berumur 10 Tahun ke Atas yang Buta Huruf,Perempuan,2018,26.761088377607,PAPUA
Penduduk Berumur 10 Tahun ke Atas yang Buta Huruf,Perempuan,2018,5.42448999974427,INDONESIA
Penduduk Berumur 10 Tahun ke Atas yang Buta Huruf,Laki-Laki,2018,0.941829583774674,ACEH
Penduduk Berumur 10 Tahun ke Atas yang Buta Huruf,Laki-Laki,2018,0.454263107525553,SUMATERA UTARA
Penduduk Berumur 10 Tahun ke Atas yang Buta Huruf,Laki-Laki,2018,0.622459370147847,SUMATERA BARAT
Penduduk Berumur 10 Tahun ke Atas yang Buta Huruf,Laki-Laki,2018,0.394319531097223,RIAU
Penduduk Berumur 10 Tahun ke Atas yang Buta Huruf,Laki-Laki,2018,0.845337826788174,JAMBI
Penduduk Berumur 10 Tahun ke Atas yang Buta Huruf,Laki-Laki,2018,0.637236679908511,SUMATERA SELATAN
Penduduk Berumur 10 Tahun ke Atas yang Buta Huruf,Laki-Laki,2018,0.979721523958892,BENGKULU
Penduduk Berumur 10 Tahun ke Atas yang Buta Huruf,Laki-Laki,2018,1.51946338937136,LAMPUNG
Penduduk Berumur 10 Tahun ke Atas yang Buta Huruf,Laki-Laki,2018,1.35184845361859,KEP. BANGKA BELITUNG
Penduduk Berumur 10 Tahun ke Atas yang Buta Huruf,Laki-Laki,2018,0.657105603818309,KEP. RIAU
Penduduk Berumur 10 Tahun ke Atas yang Buta Huruf,Laki-Laki,2018,0.098085997757357,DKI JAKARTA
Penduduk Berumur 10 Tahun ke Atas yang Buta Huruf,Laki-Laki,2018,0.794249869588579,JAWA BARAT
Penduduk Berumur 10 Tahun ke Atas yang Buta Huruf,Laki-Laki,2018,3.35101704943546,JAWA TENGAH
Penduduk Berumur 10 Tahun ke Atas yang Buta Huruf,Laki-Laki,2018,2.67347276948547,DI YOGYAKARTA
Penduduk Berumur 10 Tahun ke Atas yang Buta Huruf,Laki-Laki,2018,4.56332155086893,JAWA TIMUR
Penduduk Berumur 10 Tahun ke Atas yang Buta Huruf,Laki-Laki,2018,1.10581238004607,BANTEN
Penduduk Berumur 10 Tahun ke Atas yang Buta Huruf,Laki-Laki,2018,3.22993287721567,BALI
Penduduk Berumur 10 Tahun ke Atas yang Buta Huruf,Laki-Laki,2018,7.15674314268384,NUSA TENGGARA BARAT
Penduduk Berumur 10 Tahun ke Atas yang Buta Huruf,Laki-Laki,2018,5.76208370097373,NUSA TENGGARA TIMUR
Penduduk Berumur 10 Tahun ke Atas yang Buta Huruf,Laki-Laki,2018,3.97378065072089,KALIMANTAN BARAT
Penduduk Berumur 10 Tahun ke Atas yang Buta Huruf,Laki-Laki,2018,0.559692862651866,KALIMANTAN TENGAH
Penduduk Berumur 10 Tahun ke Atas yang Buta Huruf,Laki-Laki,2018,0.798243532303469,KALIMANTAN SELATAN
Penduduk Berumur 10 Tahun ke Atas yang Buta Huruf,Laki-Laki,2018,0.637040769075929,KALIMANTAN TIMUR
Penduduk Berumur 10 Tahun ke Atas yang Buta Huruf,Laki-Laki,2018,3.58226788573301,KALIMANTAN UTARA
Penduduk Berumur 10 Tahun ke Atas yang Buta Huruf,Laki-Laki,2018,0.217371382902731,SULAWESI UTARA
Penduduk Berumur 10 Tahun ke Atas yang Buta Huruf,Laki-Laki,2018,1.47295404533921,SULAWESI TENGAH
Penduduk Berumur 10 Tahun ke Atas yang Buta Huruf,Laki-Laki,2018,5.72108621663515,SULAWESI SELATAN
Penduduk Berumur 10 Tahun ke Atas yang Buta Huruf,Laki-Laki,2018,3.17863571012283,SULAWESI TENGGARA
Penduduk Berumur 10 Tahun ke Atas yang Buta Huruf,Laki-Laki,2018,1.48361517884639,GORONTALO
Penduduk Berumur 10 Tahun ke Atas yang Buta Huruf,Laki-Laki,2018,5.12778343713673,SULAWESI BARAT
Penduduk Berumur 10 Tahun ke Atas yang Buta Huruf,Laki-Laki,2018,0.633965451418583,MALUKU
Penduduk Berumur 10 Tahun ke Atas yang Buta Huruf,Laki-Laki,2018,0.670341100571298,MALUKU UTARA
Penduduk Berumur 10 Tahun ke Atas yang Buta Huruf,Laki-Laki,2018,1.69982623997319,PAPUA BARAT
Penduduk Berumur 10 Tahun ke Atas yang Buta Huruf,Laki-Laki,2018,17.5356668000148,PAPUA
Penduduk Berumur 10 Tahun ke Atas yang Buta Huruf,Laki-Laki,2018,2.44274983218568,INDONESIA
Penduduk Berumur 10 Tahun ke Atas yang Buta Huruf,Perempuan,2017,2.77991225640826,ACEH
Penduduk Berumur 10 Tahun ke Atas yang Buta Huruf,Perempuan,2017,1.53102627240876,SUMATERA UTARA
Penduduk Berumur 10 Tahun ke Atas yang Buta Huruf,Perempuan,2017,1.58303566009877,SUMATERA BARAT
Penduduk Berumur 10 Tahun ke Atas yang Buta Huruf,Perempuan,2017,1.09599911185082,RIAU
Penduduk Berumur 10 Tahun ke Atas yang Buta Huruf,Perempuan,2017,2.49524837191211,JAMBI
Penduduk Berumur 10 Tahun ke Atas yang Buta Huruf,Perempuan,2017,2.03584640922335,SUMATERA SELATAN
Penduduk Berumur 10 Tahun ke Atas yang Buta Huruf,Perempuan,2017,3.0023267862443,BENGKULU
Penduduk Berumur 10 Tahun ke Atas yang Buta Huruf,Perempuan,2017,4.11607764969833,LAMPUNG
Penduduk Berumur 10 Tahun ke Atas yang Buta Huruf,Perempuan,2017,3.0274583240248,KEP. BANGKA BELITUNG
Penduduk Berumur 10 Tahun ke Atas yang Buta Huruf,Perempuan,2017,1.53323465762098,KEP. RIAU
Penduduk Berumur 10 Tahun ke Atas yang Buta Huruf,Perempuan,2017,0.393128113687514,DKI JAKARTA
Penduduk Berumur 10 Tahun ke Atas yang Buta Huruf,Perempuan,2017,2.33398863032627,JAWA BARAT
Penduduk Berumur 10 Tahun ke Atas yang Buta Huruf,Perempuan,2017,8.65648972196531,JAWA TENGAH
Penduduk Berumur 10 Tahun ke Atas yang Buta Huruf,Perempuan,2017,7.31785324431505,DI YOGYAKARTA
Penduduk Berumur 10 Tahun ke Atas yang Buta Huruf,Perempuan,2017,10.2466340861845,JAWA TIMUR
Penduduk Berumur 10 Tahun ke Atas yang Buta Huruf,Perempuan,2017,3.31617953490532,BANTEN
Penduduk Berumur 10 Tahun ke Atas yang Buta Huruf,Perempuan,2017,9.60962922923022,BALI
Penduduk Berumur 10 Tahun ke Atas yang Buta Huruf,Perempuan,2017,14.699781214313,NUSA TENGGARA BARAT
Penduduk Berumur 10 Tahun ke Atas yang Buta Huruf,Perempuan,2017,8.58266724140657,NUSA TENGGARA TIMUR
Penduduk Berumur 10 Tahun ke Atas yang Buta Huruf,Perempuan,2017,9.35105688181981,KALIMANTAN BARAT
Penduduk Berumur 10 Tahun ke Atas yang Buta Huruf,Perempuan,2017,1.341491380071,KALIMANTAN TENGAH
Penduduk Berumur 10 Tahun ke Atas yang Buta Huruf,Perempuan,2017,2.24619210585994,KALIMANTAN SELATAN
Penduduk Berumur 10 Tahun ke Atas yang Buta Huruf,Perempuan,2017,1.45609734664479,KALIMANTAN TIMUR
Penduduk Berumur 10 Tahun ke Atas yang Buta Huruf,Perempuan,2017,5.37030772281605,KALIMANTAN UTARA
Penduduk Berumur 10 Tahun ke Atas yang Buta Huruf,Perempuan,2017,0.255074097484086,SULAWESI UTARA
Penduduk Berumur 10 Tahun ke Atas yang Buta Huruf,Perempuan,2017,2.68691281033051,SULAWESI TENGAH
Penduduk Berumur 10 Tahun ke Atas yang Buta Huruf,Perempuan,2017,8.89182807074817,SULAWESI SELATAN
Penduduk Berumur 10 Tahun ke Atas yang Buta Huruf,Perempuan,2017,6.74436410858202,SULAWESI TENGGARA
Penduduk Berumur 10 Tahun ke Atas yang Buta Huruf,Perempuan,2017,1.38991892994638,GORONTALO
Penduduk Berumur 10 Tahun ke Atas yang Buta Huruf,Perempuan,2017,7.25901507315222,SULAWESI BARAT
Penduduk Berumur 10 Tahun ke Atas yang Buta Huruf,Perempuan,2017,1.08424541517071,MALUKU
Penduduk Berumur 10 Tahun ke Atas yang Buta Huruf,Perempuan,2017,1.69219634841503,MALUKU UTARA
Penduduk Berumur 10 Tahun ke Atas yang Buta Huruf,Perempuan,2017,3.57736217225459,PAPUA BARAT
Penduduk Berumur 10 Tahun ke Atas yang Buta Huruf,Perempuan,2017,29.2830293067235,PAPUA
Penduduk Berumur 10 Tahun ke Atas yang Buta Huruf,Perempuan,2017,5.63536112729695,INDONESIA
Penduduk Berumur 10 Tahun ke Atas yang Buta Huruf,Laki-Laki,2017,0.90558615185281,ACEH
Penduduk Berumur 10 Tahun ke Atas yang Buta Huruf,Laki-Laki,2017,0.543836376342941,SUMATERA UTARA
Penduduk Berumur 10 Tahun ke Atas yang Buta Huruf,Laki-Laki,2017,0.546460147758903,SUMATERA BARAT
Penduduk Berumur 10 Tahun ke Atas yang Buta Huruf,Laki-Laki,2017,0.495926039410319,RIAU
Penduduk Berumur 10 Tahun ke Atas yang Buta Huruf,Laki-Laki,2017,0.968756381885528,JAMBI
Penduduk Berumur 10 Tahun ke Atas yang Buta Huruf,Laki-Laki,2017,0.6813522298898,SUMATERA SELATAN
Penduduk Berumur 10 Tahun ke Atas yang Buta Huruf,Laki-Laki,2017,0.952542041691698,BENGKULU
Penduduk Berumur 10 Tahun ke Atas yang Buta Huruf,Laki-Laki,2017,1.53558467004368,LAMPUNG
Penduduk Berumur 10 Tahun ke Atas yang Buta Huruf,Laki-Laki,2017,1.10638215924867,KEP. BANGKA BELITUNG
Penduduk Berumur 10 Tahun ke Atas yang Buta Huruf,Laki-Laki,2017,0.718050536827814,KEP. RIAU
Penduduk Berumur 10 Tahun ke Atas yang Buta Huruf,Laki-Laki,2017,0.239699877225618,DKI JAKARTA
Penduduk Berumur 10 Tahun ke Atas yang Buta Huruf,Laki-Laki,2017,0.923770069612553,JAWA BARAT
Penduduk Berumur 10 Tahun ke Atas yang Buta Huruf,Laki-Laki,2017,3.27655017688365,JAWA TENGAH
Penduduk Berumur 10 Tahun ke Atas yang Buta Huruf,Laki-Laki,2017,2.43532070848187,DI YOGYAKARTA
Penduduk Berumur 10 Tahun ke Atas yang Buta Huruf,Laki-Laki,2017,4.58913919951164,JAWA TIMUR
Penduduk Berumur 10 Tahun ke Atas yang Buta Huruf,Laki-Laki,2017,1.13855797901646,BANTEN
Penduduk Berumur 10 Tahun ke Atas yang Buta Huruf,Laki-Laki,2017,3.23751178787185,BALI
Penduduk Berumur 10 Tahun ke Atas yang Buta Huruf,Laki-Laki,2017,7.94790275613193,NUSA TENGGARA BARAT
Penduduk Berumur 10 Tahun ke Atas yang Buta Huruf,Laki-Laki,2017,5.87045918559494,NUSA TENGGARA TIMUR
Penduduk Berumur 10 Tahun ke Atas yang Buta Huruf,Laki-Laki,2017,4.24206521665233,KALIMANTAN BARAT
Penduduk Berumur 10 Tahun ke Atas yang Buta Huruf,Laki-Laki,2017,0.543888560577483,KALIMANTAN TENGAH
Penduduk Berumur 10 Tahun ke Atas yang Buta Huruf,Laki-Laki,2017,0.730767014543223,KALIMANTAN SELATAN
Penduduk Berumur 10 Tahun ke Atas yang Buta Huruf,Laki-Laki,2017,0.515218095197848,KALIMANTAN TIMUR
Penduduk Berumur 10 Tahun ke Atas yang Buta Huruf,Laki-Laki,2017,3.50388409931728,KALIMANTAN UTARA
Penduduk Berumur 10 Tahun ke Atas yang Buta Huruf,Laki-Laki,2017,0.28872428111871,SULAWESI UTARA
Penduduk Berumur 10 Tahun ke Atas yang Buta Huruf,Laki-Laki,2017,1.66639333508805,SULAWESI TENGAH
Penduduk Berumur 10 Tahun ke Atas yang Buta Huruf,Laki-Laki,2017,5.93690117273985,SULAWESI SELATAN
Penduduk Berumur 10 Tahun ke Atas yang Buta Huruf,Laki-Laki,2017,3.13575551231016,SULAWESI TENGGARA
Penduduk Berumur 10 Tahun ke Atas yang Buta Huruf,Laki-Laki,2017,1.66214379480908,GORONTALO
Penduduk Berumur 10 Tahun ke Atas yang Buta Huruf,Laki-Laki,2017,5.31729720505232,SULAWESI BARAT
Penduduk Berumur 10 Tahun ke Atas yang Buta Huruf,Laki-Laki,2017,0.540993515015279,MALUKU
Penduduk Berumur 10 Tahun ke Atas yang Buta Huruf,Laki-Laki,2017,0.756783351708347,MALUKU UTARA
Penduduk Berumur 10 Tahun ke Atas yang Buta Huruf,Laki-Laki,2017,1.77640025638668,PAPUA BARAT
Penduduk Berumur 10 Tahun ke Atas yang Buta Huruf,Laki-Laki,2017,19.663601056249,PAPUA
Penduduk Berumur 10 Tahun ke Atas yang Buta Huruf,Laki-Laki,2017,2.53363059832098,INDONESIA
