nama_variabel,tingkat_pendidikan,tahun,persen,provonsi
Tingkat Penyelesaian Pendidikan Menurut Jenjang Pendidikan dan Provinsi,SMA / Sederajat,2021,74.36,ACEH
Tingkat Penyelesaian Pendidikan Menurut Jenjang Pendidikan dan Provinsi,SMA / Sederajat,2021,72.81,SUMATERA UTARA
Tingkat Penyelesaian Pendidikan Menurut Jenjang Pendidikan dan Provinsi,SMA / Sederajat,2021,70.06,SUMATERA BARAT
Tingkat Penyelesaian Pendidikan Menurut Jenjang Pendidikan dan Provinsi,SMA / Sederajat,2021,68.94,RIAU
Tingkat Penyelesaian Pendidikan Menurut Jenjang Pendidikan dan Provinsi,SMA / Sederajat,2021,64.51,JAMBI
Tingkat Penyelesaian Pendidikan Menurut Jenjang Pendidikan dan Provinsi,SMA / Sederajat,2021,67.2,SUMATERA SELATAN
Tingkat Penyelesaian Pendidikan Menurut Jenjang Pendidikan dan Provinsi,SMA / Sederajat,2021,62.46,BENGKULU
Tingkat Penyelesaian Pendidikan Menurut Jenjang Pendidikan dan Provinsi,SMA / Sederajat,2021,60.09,LAMPUNG
Tingkat Penyelesaian Pendidikan Menurut Jenjang Pendidikan dan Provinsi,SMA / Sederajat,2021,63.98,KEP. BANGKA BELITUNG
Tingkat Penyelesaian Pendidikan Menurut Jenjang Pendidikan dan Provinsi,SMA / Sederajat,2021,81.07,KEP. RIAU
Tingkat Penyelesaian Pendidikan Menurut Jenjang Pendidikan dan Provinsi,SMA / Sederajat,2021,84.98,DKI JAKARTA
Tingkat Penyelesaian Pendidikan Menurut Jenjang Pendidikan dan Provinsi,SMA / Sederajat,2021,64.89,JAWA BARAT
Tingkat Penyelesaian Pendidikan Menurut Jenjang Pendidikan dan Provinsi,SMA / Sederajat,2021,59.9,JAWA TENGAH
Tingkat Penyelesaian Pendidikan Menurut Jenjang Pendidikan dan Provinsi,SMA / Sederajat,2021,90.12,DI YOGYAKARTA
Tingkat Penyelesaian Pendidikan Menurut Jenjang Pendidikan dan Provinsi,SMA / Sederajat,2021,66.33,JAWA TIMUR
Tingkat Penyelesaian Pendidikan Menurut Jenjang Pendidikan dan Provinsi,SMA / Sederajat,2021,66.9,BANTEN
Tingkat Penyelesaian Pendidikan Menurut Jenjang Pendidikan dan Provinsi,SMA / Sederajat,2021,75.86,BALI
Tingkat Penyelesaian Pendidikan Menurut Jenjang Pendidikan dan Provinsi,SMA / Sederajat,2021,65.71,NUSA TENGGARA BARAT
Tingkat Penyelesaian Pendidikan Menurut Jenjang Pendidikan dan Provinsi,SMA / Sederajat,2021,44.88,NUSA TENGGARA TIMUR
Tingkat Penyelesaian Pendidikan Menurut Jenjang Pendidikan dan Provinsi,SMA / Sederajat,2021,54.27,KALIMANTAN BARAT
Tingkat Penyelesaian Pendidikan Menurut Jenjang Pendidikan dan Provinsi,SMA / Sederajat,2021,61.04,KALIMANTAN TENGAH
Tingkat Penyelesaian Pendidikan Menurut Jenjang Pendidikan dan Provinsi,SMA / Sederajat,2021,63.59,KALIMANTAN SELATAN
Tingkat Penyelesaian Pendidikan Menurut Jenjang Pendidikan dan Provinsi,SMA / Sederajat,2021,74.26,KALIMANTAN TIMUR
Tingkat Penyelesaian Pendidikan Menurut Jenjang Pendidikan dan Provinsi,SMA / Sederajat,2021,62.3,KALIMANTAN UTARA
Tingkat Penyelesaian Pendidikan Menurut Jenjang Pendidikan dan Provinsi,SMA / Sederajat,2021,68.56,SULAWESI UTARA
Tingkat Penyelesaian Pendidikan Menurut Jenjang Pendidikan dan Provinsi,SMA / Sederajat,2021,61.16,SULAWESI TENGAH
Tingkat Penyelesaian Pendidikan Menurut Jenjang Pendidikan dan Provinsi,SMA / Sederajat,2021,69.43,SULAWESI SELATAN
Tingkat Penyelesaian Pendidikan Menurut Jenjang Pendidikan dan Provinsi,SMA / Sederajat,2021,70.65,SULAWESI TENGGARA
Tingkat Penyelesaian Pendidikan Menurut Jenjang Pendidikan dan Provinsi,SMA / Sederajat,2021,53.73,GORONTALO
Tingkat Penyelesaian Pendidikan Menurut Jenjang Pendidikan dan Provinsi,SMA / Sederajat,2021,56.22,SULAWESI BARAT
Tingkat Penyelesaian Pendidikan Menurut Jenjang Pendidikan dan Provinsi,SMA / Sederajat,2021,68.12,MALUKU
Tingkat Penyelesaian Pendidikan Menurut Jenjang Pendidikan dan Provinsi,SMA / Sederajat,2021,66.95,MALUKU UTARA
Tingkat Penyelesaian Pendidikan Menurut Jenjang Pendidikan dan Provinsi,SMA / Sederajat,2021,59.08,PAPUA BARAT
Tingkat Penyelesaian Pendidikan Menurut Jenjang Pendidikan dan Provinsi,SMA / Sederajat,2021,32.95,PAPUA
Tingkat Penyelesaian Pendidikan Menurut Jenjang Pendidikan dan Provinsi,SMA / Sederajat,2021,65.94,INDONESIA
Tingkat Penyelesaian Pendidikan Menurut Jenjang Pendidikan dan Provinsi,SMP / Sederajat,2021,93.43,ACEH
Tingkat Penyelesaian Pendidikan Menurut Jenjang Pendidikan dan Provinsi,SMP / Sederajat,2021,91.35,SUMATERA UTARA
Tingkat Penyelesaian Pendidikan Menurut Jenjang Pendidikan dan Provinsi,SMP / Sederajat,2021,89.49,SUMATERA BARAT
Tingkat Penyelesaian Pendidikan Menurut Jenjang Pendidikan dan Provinsi,SMP / Sederajat,2021,87.11,RIAU
Tingkat Penyelesaian Pendidikan Menurut Jenjang Pendidikan dan Provinsi,SMP / Sederajat,2021,89,JAMBI
Tingkat Penyelesaian Pendidikan Menurut Jenjang Pendidikan dan Provinsi,SMP / Sederajat,2021,87.68,SUMATERA SELATAN
Tingkat Penyelesaian Pendidikan Menurut Jenjang Pendidikan dan Provinsi,SMP / Sederajat,2021,89.94,BENGKULU
Tingkat Penyelesaian Pendidikan Menurut Jenjang Pendidikan dan Provinsi,SMP / Sederajat,2021,89.46,LAMPUNG
Tingkat Penyelesaian Pendidikan Menurut Jenjang Pendidikan dan Provinsi,SMP / Sederajat,2021,80.99,KEP. BANGKA BELITUNG
Tingkat Penyelesaian Pendidikan Menurut Jenjang Pendidikan dan Provinsi,SMP / Sederajat,2021,92.71,KEP. RIAU
Tingkat Penyelesaian Pendidikan Menurut Jenjang Pendidikan dan Provinsi,SMP / Sederajat,2021,95,DKI JAKARTA
Tingkat Penyelesaian Pendidikan Menurut Jenjang Pendidikan dan Provinsi,SMP / Sederajat,2021,88.18,JAWA BARAT
Tingkat Penyelesaian Pendidikan Menurut Jenjang Pendidikan dan Provinsi,SMP / Sederajat,2021,88.44,JAWA TENGAH
Tingkat Penyelesaian Pendidikan Menurut Jenjang Pendidikan dan Provinsi,SMP / Sederajat,2021,94.94,DI YOGYAKARTA
Tingkat Penyelesaian Pendidikan Menurut Jenjang Pendidikan dan Provinsi,SMP / Sederajat,2021,90.3,JAWA TIMUR
Tingkat Penyelesaian Pendidikan Menurut Jenjang Pendidikan dan Provinsi,SMP / Sederajat,2021,90.63,BANTEN
Tingkat Penyelesaian Pendidikan Menurut Jenjang Pendidikan dan Provinsi,SMP / Sederajat,2021,94.26,BALI
Tingkat Penyelesaian Pendidikan Menurut Jenjang Pendidikan dan Provinsi,SMP / Sederajat,2021,92.19,NUSA TENGGARA BARAT
Tingkat Penyelesaian Pendidikan Menurut Jenjang Pendidikan dan Provinsi,SMP / Sederajat,2021,78.83,NUSA TENGGARA TIMUR
Tingkat Penyelesaian Pendidikan Menurut Jenjang Pendidikan dan Provinsi,SMP / Sederajat,2021,79.65,KALIMANTAN BARAT
Tingkat Penyelesaian Pendidikan Menurut Jenjang Pendidikan dan Provinsi,SMP / Sederajat,2021,89.76,KALIMANTAN TENGAH
Tingkat Penyelesaian Pendidikan Menurut Jenjang Pendidikan dan Provinsi,SMP / Sederajat,2021,84.06,KALIMANTAN SELATAN
Tingkat Penyelesaian Pendidikan Menurut Jenjang Pendidikan dan Provinsi,SMP / Sederajat,2021,95.34,KALIMANTAN TIMUR
Tingkat Penyelesaian Pendidikan Menurut Jenjang Pendidikan dan Provinsi,SMP / Sederajat,2021,90.14,KALIMANTAN UTARA
Tingkat Penyelesaian Pendidikan Menurut Jenjang Pendidikan dan Provinsi,SMP / Sederajat,2021,91.05,SULAWESI UTARA
Tingkat Penyelesaian Pendidikan Menurut Jenjang Pendidikan dan Provinsi,SMP / Sederajat,2021,85.42,SULAWESI TENGAH
Tingkat Penyelesaian Pendidikan Menurut Jenjang Pendidikan dan Provinsi,SMP / Sederajat,2021,88.18,SULAWESI SELATAN
Tingkat Penyelesaian Pendidikan Menurut Jenjang Pendidikan dan Provinsi,SMP / Sederajat,2021,90.88,SULAWESI TENGGARA
Tingkat Penyelesaian Pendidikan Menurut Jenjang Pendidikan dan Provinsi,SMP / Sederajat,2021,81.22,GORONTALO
Tingkat Penyelesaian Pendidikan Menurut Jenjang Pendidikan dan Provinsi,SMP / Sederajat,2021,86.09,SULAWESI BARAT
Tingkat Penyelesaian Pendidikan Menurut Jenjang Pendidikan dan Provinsi,SMP / Sederajat,2021,93.08,MALUKU
Tingkat Penyelesaian Pendidikan Menurut Jenjang Pendidikan dan Provinsi,SMP / Sederajat,2021,92.93,MALUKU UTARA
Tingkat Penyelesaian Pendidikan Menurut Jenjang Pendidikan dan Provinsi,SMP / Sederajat,2021,85.18,PAPUA BARAT
Tingkat Penyelesaian Pendidikan Menurut Jenjang Pendidikan dan Provinsi,SMP / Sederajat,2021,66.06,PAPUA
Tingkat Penyelesaian Pendidikan Menurut Jenjang Pendidikan dan Provinsi,SMP / Sederajat,2021,88.88,INDONESIA
Tingkat Penyelesaian Pendidikan Menurut Jenjang Pendidikan dan Provinsi,SD / Sederajat,2021,99.44,ACEH
Tingkat Penyelesaian Pendidikan Menurut Jenjang Pendidikan dan Provinsi,SD / Sederajat,2021,98.57,SUMATERA UTARA
Tingkat Penyelesaian Pendidikan Menurut Jenjang Pendidikan dan Provinsi,SD / Sederajat,2021,95.29,SUMATERA BARAT
Tingkat Penyelesaian Pendidikan Menurut Jenjang Pendidikan dan Provinsi,SD / Sederajat,2021,96.91,RIAU
Tingkat Penyelesaian Pendidikan Menurut Jenjang Pendidikan dan Provinsi,SD / Sederajat,2021,98.54,JAMBI
Tingkat Penyelesaian Pendidikan Menurut Jenjang Pendidikan dan Provinsi,SD / Sederajat,2021,97.82,SUMATERA SELATAN
Tingkat Penyelesaian Pendidikan Menurut Jenjang Pendidikan dan Provinsi,SD / Sederajat,2021,98.16,BENGKULU
Tingkat Penyelesaian Pendidikan Menurut Jenjang Pendidikan dan Provinsi,SD / Sederajat,2021,98.33,LAMPUNG
Tingkat Penyelesaian Pendidikan Menurut Jenjang Pendidikan dan Provinsi,SD / Sederajat,2021,96.61,KEP. BANGKA BELITUNG
Tingkat Penyelesaian Pendidikan Menurut Jenjang Pendidikan dan Provinsi,SD / Sederajat,2021,98.16,KEP. RIAU
Tingkat Penyelesaian Pendidikan Menurut Jenjang Pendidikan dan Provinsi,SD / Sederajat,2021,99.26,DKI JAKARTA
Tingkat Penyelesaian Pendidikan Menurut Jenjang Pendidikan dan Provinsi,SD / Sederajat,2021,98.45,JAWA BARAT
Tingkat Penyelesaian Pendidikan Menurut Jenjang Pendidikan dan Provinsi,SD / Sederajat,2021,98.06,JAWA TENGAH
Tingkat Penyelesaian Pendidikan Menurut Jenjang Pendidikan dan Provinsi,SD / Sederajat,2021,98.48,DI YOGYAKARTA
Tingkat Penyelesaian Pendidikan Menurut Jenjang Pendidikan dan Provinsi,SD / Sederajat,2021,97.76,JAWA TIMUR
Tingkat Penyelesaian Pendidikan Menurut Jenjang Pendidikan dan Provinsi,SD / Sederajat,2021,98.82,BANTEN
Tingkat Penyelesaian Pendidikan Menurut Jenjang Pendidikan dan Provinsi,SD / Sederajat,2021,97.02,BALI
Tingkat Penyelesaian Pendidikan Menurut Jenjang Pendidikan dan Provinsi,SD / Sederajat,2021,98.71,NUSA TENGGARA BARAT
Tingkat Penyelesaian Pendidikan Menurut Jenjang Pendidikan dan Provinsi,SD / Sederajat,2021,91.84,NUSA TENGGARA TIMUR
Tingkat Penyelesaian Pendidikan Menurut Jenjang Pendidikan dan Provinsi,SD / Sederajat,2021,94.29,KALIMANTAN BARAT
Tingkat Penyelesaian Pendidikan Menurut Jenjang Pendidikan dan Provinsi,SD / Sederajat,2021,97.45,KALIMANTAN TENGAH
Tingkat Penyelesaian Pendidikan Menurut Jenjang Pendidikan dan Provinsi,SD / Sederajat,2021,95.67,KALIMANTAN SELATAN
Tingkat Penyelesaian Pendidikan Menurut Jenjang Pendidikan dan Provinsi,SD / Sederajat,2021,96.82,KALIMANTAN TIMUR
Tingkat Penyelesaian Pendidikan Menurut Jenjang Pendidikan dan Provinsi,SD / Sederajat,2021,95.77,KALIMANTAN UTARA
Tingkat Penyelesaian Pendidikan Menurut Jenjang Pendidikan dan Provinsi,SD / Sederajat,2021,96.1,SULAWESI UTARA
Tingkat Penyelesaian Pendidikan Menurut Jenjang Pendidikan dan Provinsi,SD / Sederajat,2021,96.19,SULAWESI TENGAH
Tingkat Penyelesaian Pendidikan Menurut Jenjang Pendidikan dan Provinsi,SD / Sederajat,2021,97.3,SULAWESI SELATAN
Tingkat Penyelesaian Pendidikan Menurut Jenjang Pendidikan dan Provinsi,SD / Sederajat,2021,95.58,SULAWESI TENGGARA
Tingkat Penyelesaian Pendidikan Menurut Jenjang Pendidikan dan Provinsi,SD / Sederajat,2021,93.44,GORONTALO
Tingkat Penyelesaian Pendidikan Menurut Jenjang Pendidikan dan Provinsi,SD / Sederajat,2021,95.93,SULAWESI BARAT
Tingkat Penyelesaian Pendidikan Menurut Jenjang Pendidikan dan Provinsi,SD / Sederajat,2021,98.5,MALUKU
Tingkat Penyelesaian Pendidikan Menurut Jenjang Pendidikan dan Provinsi,SD / Sederajat,2021,96.97,MALUKU UTARA
Tingkat Penyelesaian Pendidikan Menurut Jenjang Pendidikan dan Provinsi,SD / Sederajat,2021,91.81,PAPUA BARAT
Tingkat Penyelesaian Pendidikan Menurut Jenjang Pendidikan dan Provinsi,SD / Sederajat,2021,78.43,PAPUA
Tingkat Penyelesaian Pendidikan Menurut Jenjang Pendidikan dan Provinsi,SD / Sederajat,2021,97.37,INDONESIA
Tingkat Penyelesaian Pendidikan Menurut Jenjang Pendidikan dan Provinsi,SMA / Sederajat,2020,70.07,ACEH
Tingkat Penyelesaian Pendidikan Menurut Jenjang Pendidikan dan Provinsi,SMA / Sederajat,2020,70.39,SUMATERA UTARA
Tingkat Penyelesaian Pendidikan Menurut Jenjang Pendidikan dan Provinsi,SMA / Sederajat,2020,67.11,SUMATERA BARAT
Tingkat Penyelesaian Pendidikan Menurut Jenjang Pendidikan dan Provinsi,SMA / Sederajat,2020,66.62,RIAU
Tingkat Penyelesaian Pendidikan Menurut Jenjang Pendidikan dan Provinsi,SMA / Sederajat,2020,63.66,JAMBI
Tingkat Penyelesaian Pendidikan Menurut Jenjang Pendidikan dan Provinsi,SMA / Sederajat,2020,65.42,SUMATERA SELATAN
Tingkat Penyelesaian Pendidikan Menurut Jenjang Pendidikan dan Provinsi,SMA / Sederajat,2020,62.73,BENGKULU
Tingkat Penyelesaian Pendidikan Menurut Jenjang Pendidikan dan Provinsi,SMA / Sederajat,2020,57.59,LAMPUNG
Tingkat Penyelesaian Pendidikan Menurut Jenjang Pendidikan dan Provinsi,SMA / Sederajat,2020,56.74,KEP. BANGKA BELITUNG
Tingkat Penyelesaian Pendidikan Menurut Jenjang Pendidikan dan Provinsi,SMA / Sederajat,2020,78.65,KEP. RIAU
Tingkat Penyelesaian Pendidikan Menurut Jenjang Pendidikan dan Provinsi,SMA / Sederajat,2020,85.67,DKI JAKARTA
Tingkat Penyelesaian Pendidikan Menurut Jenjang Pendidikan dan Provinsi,SMA / Sederajat,2020,63.56,JAWA BARAT
Tingkat Penyelesaian Pendidikan Menurut Jenjang Pendidikan dan Provinsi,SMA / Sederajat,2020,55.82,JAWA TENGAH
Tingkat Penyelesaian Pendidikan Menurut Jenjang Pendidikan dan Provinsi,SMA / Sederajat,2020,87.99,DI YOGYAKARTA
Tingkat Penyelesaian Pendidikan Menurut Jenjang Pendidikan dan Provinsi,SMA / Sederajat,2020,63.53,JAWA TIMUR
Tingkat Penyelesaian Pendidikan Menurut Jenjang Pendidikan dan Provinsi,SMA / Sederajat,2020,64.24,BANTEN
Tingkat Penyelesaian Pendidikan Menurut Jenjang Pendidikan dan Provinsi,SMA / Sederajat,2020,74.88,BALI
Tingkat Penyelesaian Pendidikan Menurut Jenjang Pendidikan dan Provinsi,SMA / Sederajat,2020,64.66,NUSA TENGGARA BARAT
Tingkat Penyelesaian Pendidikan Menurut Jenjang Pendidikan dan Provinsi,SMA / Sederajat,2020,50.65,NUSA TENGGARA TIMUR
Tingkat Penyelesaian Pendidikan Menurut Jenjang Pendidikan dan Provinsi,SMA / Sederajat,2020,55.23,KALIMANTAN BARAT
Tingkat Penyelesaian Pendidikan Menurut Jenjang Pendidikan dan Provinsi,SMA / Sederajat,2020,60.77,KALIMANTAN TENGAH
Tingkat Penyelesaian Pendidikan Menurut Jenjang Pendidikan dan Provinsi,SMA / Sederajat,2020,63.05,KALIMANTAN SELATAN
Tingkat Penyelesaian Pendidikan Menurut Jenjang Pendidikan dan Provinsi,SMA / Sederajat,2020,71.63,KALIMANTAN TIMUR
Tingkat Penyelesaian Pendidikan Menurut Jenjang Pendidikan dan Provinsi,SMA / Sederajat,2020,67.77,KALIMANTAN UTARA
Tingkat Penyelesaian Pendidikan Menurut Jenjang Pendidikan dan Provinsi,SMA / Sederajat,2020,73.79,SULAWESI UTARA
Tingkat Penyelesaian Pendidikan Menurut Jenjang Pendidikan dan Provinsi,SMA / Sederajat,2020,57.68,SULAWESI TENGAH
Tingkat Penyelesaian Pendidikan Menurut Jenjang Pendidikan dan Provinsi,SMA / Sederajat,2020,66.22,SULAWESI SELATAN
Tingkat Penyelesaian Pendidikan Menurut Jenjang Pendidikan dan Provinsi,SMA / Sederajat,2020,68.28,SULAWESI TENGGARA
Tingkat Penyelesaian Pendidikan Menurut Jenjang Pendidikan dan Provinsi,SMA / Sederajat,2020,55.35,GORONTALO
Tingkat Penyelesaian Pendidikan Menurut Jenjang Pendidikan dan Provinsi,SMA / Sederajat,2020,56.6,SULAWESI BARAT
Tingkat Penyelesaian Pendidikan Menurut Jenjang Pendidikan dan Provinsi,SMA / Sederajat,2020,70.55,MALUKU
Tingkat Penyelesaian Pendidikan Menurut Jenjang Pendidikan dan Provinsi,SMA / Sederajat,2020,66.52,MALUKU UTARA
Tingkat Penyelesaian Pendidikan Menurut Jenjang Pendidikan dan Provinsi,SMA / Sederajat,2020,61.49,PAPUA BARAT
Tingkat Penyelesaian Pendidikan Menurut Jenjang Pendidikan dan Provinsi,SMA / Sederajat,2020,30.92,PAPUA
Tingkat Penyelesaian Pendidikan Menurut Jenjang Pendidikan dan Provinsi,SMA / Sederajat,2020,63.95,INDONESIA
Tingkat Penyelesaian Pendidikan Menurut Jenjang Pendidikan dan Provinsi,SMP / Sederajat,2020,90.92,ACEH
Tingkat Penyelesaian Pendidikan Menurut Jenjang Pendidikan dan Provinsi,SMP / Sederajat,2020,91.63,SUMATERA UTARA
Tingkat Penyelesaian Pendidikan Menurut Jenjang Pendidikan dan Provinsi,SMP / Sederajat,2020,87.12,SUMATERA BARAT
Tingkat Penyelesaian Pendidikan Menurut Jenjang Pendidikan dan Provinsi,SMP / Sederajat,2020,86.84,RIAU
Tingkat Penyelesaian Pendidikan Menurut Jenjang Pendidikan dan Provinsi,SMP / Sederajat,2020,86.31,JAMBI
Tingkat Penyelesaian Pendidikan Menurut Jenjang Pendidikan dan Provinsi,SMP / Sederajat,2020,85.02,SUMATERA SELATAN
Tingkat Penyelesaian Pendidikan Menurut Jenjang Pendidikan dan Provinsi,SMP / Sederajat,2020,87.68,BENGKULU
Tingkat Penyelesaian Pendidikan Menurut Jenjang Pendidikan dan Provinsi,SMP / Sederajat,2020,86.66,LAMPUNG
Tingkat Penyelesaian Pendidikan Menurut Jenjang Pendidikan dan Provinsi,SMP / Sederajat,2020,81.91,KEP. BANGKA BELITUNG
Tingkat Penyelesaian Pendidikan Menurut Jenjang Pendidikan dan Provinsi,SMP / Sederajat,2020,94.8,KEP. RIAU
Tingkat Penyelesaian Pendidikan Menurut Jenjang Pendidikan dan Provinsi,SMP / Sederajat,2020,94.57,DKI JAKARTA
Tingkat Penyelesaian Pendidikan Menurut Jenjang Pendidikan dan Provinsi,SMP / Sederajat,2020,88.17,JAWA BARAT
Tingkat Penyelesaian Pendidikan Menurut Jenjang Pendidikan dan Provinsi,SMP / Sederajat,2020,89,JAWA TENGAH
Tingkat Penyelesaian Pendidikan Menurut Jenjang Pendidikan dan Provinsi,SMP / Sederajat,2020,92.36,DI YOGYAKARTA
Tingkat Penyelesaian Pendidikan Menurut Jenjang Pendidikan dan Provinsi,SMP / Sederajat,2020,89.98,JAWA TIMUR
Tingkat Penyelesaian Pendidikan Menurut Jenjang Pendidikan dan Provinsi,SMP / Sederajat,2020,86.7,BANTEN
Tingkat Penyelesaian Pendidikan Menurut Jenjang Pendidikan dan Provinsi,SMP / Sederajat,2020,93.21,BALI
Tingkat Penyelesaian Pendidikan Menurut Jenjang Pendidikan dan Provinsi,SMP / Sederajat,2020,89.91,NUSA TENGGARA BARAT
Tingkat Penyelesaian Pendidikan Menurut Jenjang Pendidikan dan Provinsi,SMP / Sederajat,2020,78.81,NUSA TENGGARA TIMUR
Tingkat Penyelesaian Pendidikan Menurut Jenjang Pendidikan dan Provinsi,SMP / Sederajat,2020,80.88,KALIMANTAN BARAT
Tingkat Penyelesaian Pendidikan Menurut Jenjang Pendidikan dan Provinsi,SMP / Sederajat,2020,84.83,KALIMANTAN TENGAH
Tingkat Penyelesaian Pendidikan Menurut Jenjang Pendidikan dan Provinsi,SMP / Sederajat,2020,82.48,KALIMANTAN SELATAN
Tingkat Penyelesaian Pendidikan Menurut Jenjang Pendidikan dan Provinsi,SMP / Sederajat,2020,92.4,KALIMANTAN TIMUR
Tingkat Penyelesaian Pendidikan Menurut Jenjang Pendidikan dan Provinsi,SMP / Sederajat,2020,87.14,KALIMANTAN UTARA
Tingkat Penyelesaian Pendidikan Menurut Jenjang Pendidikan dan Provinsi,SMP / Sederajat,2020,86.69,SULAWESI UTARA
Tingkat Penyelesaian Pendidikan Menurut Jenjang Pendidikan dan Provinsi,SMP / Sederajat,2020,82.79,SULAWESI TENGAH
Tingkat Penyelesaian Pendidikan Menurut Jenjang Pendidikan dan Provinsi,SMP / Sederajat,2020,85.08,SULAWESI SELATAN
Tingkat Penyelesaian Pendidikan Menurut Jenjang Pendidikan dan Provinsi,SMP / Sederajat,2020,89.18,SULAWESI TENGGARA
Tingkat Penyelesaian Pendidikan Menurut Jenjang Pendidikan dan Provinsi,SMP / Sederajat,2020,80.1,GORONTALO
Tingkat Penyelesaian Pendidikan Menurut Jenjang Pendidikan dan Provinsi,SMP / Sederajat,2020,83.08,SULAWESI BARAT
Tingkat Penyelesaian Pendidikan Menurut Jenjang Pendidikan dan Provinsi,SMP / Sederajat,2020,88.04,MALUKU
Tingkat Penyelesaian Pendidikan Menurut Jenjang Pendidikan dan Provinsi,SMP / Sederajat,2020,87.41,MALUKU UTARA
Tingkat Penyelesaian Pendidikan Menurut Jenjang Pendidikan dan Provinsi,SMP / Sederajat,2020,83.47,PAPUA BARAT
Tingkat Penyelesaian Pendidikan Menurut Jenjang Pendidikan dan Provinsi,SMP / Sederajat,2020,65.75,PAPUA
Tingkat Penyelesaian Pendidikan Menurut Jenjang Pendidikan dan Provinsi,SMP / Sederajat,2020,87.89,INDONESIA
Tingkat Penyelesaian Pendidikan Menurut Jenjang Pendidikan dan Provinsi,SD / Sederajat,2020,98.33,ACEH
Tingkat Penyelesaian Pendidikan Menurut Jenjang Pendidikan dan Provinsi,SD / Sederajat,2020,96.48,SUMATERA UTARA
Tingkat Penyelesaian Pendidikan Menurut Jenjang Pendidikan dan Provinsi,SD / Sederajat,2020,93.26,SUMATERA BARAT
Tingkat Penyelesaian Pendidikan Menurut Jenjang Pendidikan dan Provinsi,SD / Sederajat,2020,95.18,RIAU
Tingkat Penyelesaian Pendidikan Menurut Jenjang Pendidikan dan Provinsi,SD / Sederajat,2020,95.34,JAMBI
Tingkat Penyelesaian Pendidikan Menurut Jenjang Pendidikan dan Provinsi,SD / Sederajat,2020,95.93,SUMATERA SELATAN
Tingkat Penyelesaian Pendidikan Menurut Jenjang Pendidikan dan Provinsi,SD / Sederajat,2020,95.16,BENGKULU
Tingkat Penyelesaian Pendidikan Menurut Jenjang Pendidikan dan Provinsi,SD / Sederajat,2020,97.69,LAMPUNG
Tingkat Penyelesaian Pendidikan Menurut Jenjang Pendidikan dan Provinsi,SD / Sederajat,2020,96.05,KEP. BANGKA BELITUNG
Tingkat Penyelesaian Pendidikan Menurut Jenjang Pendidikan dan Provinsi,SD / Sederajat,2020,95.25,KEP. RIAU
Tingkat Penyelesaian Pendidikan Menurut Jenjang Pendidikan dan Provinsi,SD / Sederajat,2020,97.8,DKI JAKARTA
Tingkat Penyelesaian Pendidikan Menurut Jenjang Pendidikan dan Provinsi,SD / Sederajat,2020,97.76,JAWA BARAT
Tingkat Penyelesaian Pendidikan Menurut Jenjang Pendidikan dan Provinsi,SD / Sederajat,2020,97.2,JAWA TENGAH
Tingkat Penyelesaian Pendidikan Menurut Jenjang Pendidikan dan Provinsi,SD / Sederajat,2020,96.43,DI YOGYAKARTA
Tingkat Penyelesaian Pendidikan Menurut Jenjang Pendidikan dan Provinsi,SD / Sederajat,2020,96.81,JAWA TIMUR
Tingkat Penyelesaian Pendidikan Menurut Jenjang Pendidikan dan Provinsi,SD / Sederajat,2020,96.03,BANTEN
Tingkat Penyelesaian Pendidikan Menurut Jenjang Pendidikan dan Provinsi,SD / Sederajat,2020,96.66,BALI
Tingkat Penyelesaian Pendidikan Menurut Jenjang Pendidikan dan Provinsi,SD / Sederajat,2020,97.29,NUSA TENGGARA BARAT
Tingkat Penyelesaian Pendidikan Menurut Jenjang Pendidikan dan Provinsi,SD / Sederajat,2020,86.92,NUSA TENGGARA TIMUR
Tingkat Penyelesaian Pendidikan Menurut Jenjang Pendidikan dan Provinsi,SD / Sederajat,2020,91.79,KALIMANTAN BARAT
Tingkat Penyelesaian Pendidikan Menurut Jenjang Pendidikan dan Provinsi,SD / Sederajat,2020,95.45,KALIMANTAN TENGAH
Tingkat Penyelesaian Pendidikan Menurut Jenjang Pendidikan dan Provinsi,SD / Sederajat,2020,94.1,KALIMANTAN SELATAN
Tingkat Penyelesaian Pendidikan Menurut Jenjang Pendidikan dan Provinsi,SD / Sederajat,2020,95.84,KALIMANTAN TIMUR
Tingkat Penyelesaian Pendidikan Menurut Jenjang Pendidikan dan Provinsi,SD / Sederajat,2020,96.38,KALIMANTAN UTARA
Tingkat Penyelesaian Pendidikan Menurut Jenjang Pendidikan dan Provinsi,SD / Sederajat,2020,95.58,SULAWESI UTARA
Tingkat Penyelesaian Pendidikan Menurut Jenjang Pendidikan dan Provinsi,SD / Sederajat,2020,95.05,SULAWESI TENGAH
Tingkat Penyelesaian Pendidikan Menurut Jenjang Pendidikan dan Provinsi,SD / Sederajat,2020,96.13,SULAWESI SELATAN
Tingkat Penyelesaian Pendidikan Menurut Jenjang Pendidikan dan Provinsi,SD / Sederajat,2020,95.28,SULAWESI TENGGARA
Tingkat Penyelesaian Pendidikan Menurut Jenjang Pendidikan dan Provinsi,SD / Sederajat,2020,91.9,GORONTALO
Tingkat Penyelesaian Pendidikan Menurut Jenjang Pendidikan dan Provinsi,SD / Sederajat,2020,94.7,SULAWESI BARAT
Tingkat Penyelesaian Pendidikan Menurut Jenjang Pendidikan dan Provinsi,SD / Sederajat,2020,97.47,MALUKU
Tingkat Penyelesaian Pendidikan Menurut Jenjang Pendidikan dan Provinsi,SD / Sederajat,2020,95.59,MALUKU UTARA
Tingkat Penyelesaian Pendidikan Menurut Jenjang Pendidikan dan Provinsi,SD / Sederajat,2020,89.25,PAPUA BARAT
Tingkat Penyelesaian Pendidikan Menurut Jenjang Pendidikan dan Provinsi,SD / Sederajat,2020,78.4,PAPUA
Tingkat Penyelesaian Pendidikan Menurut Jenjang Pendidikan dan Provinsi,SD / Sederajat,2020,96,INDONESIA
Tingkat Penyelesaian Pendidikan Menurut Jenjang Pendidikan dan Provinsi,SMA / Sederajat,2019,69.96,ACEH
Tingkat Penyelesaian Pendidikan Menurut Jenjang Pendidikan dan Provinsi,SMA / Sederajat,2019,65.21,SUMATERA UTARA
Tingkat Penyelesaian Pendidikan Menurut Jenjang Pendidikan dan Provinsi,SMA / Sederajat,2019,60.32,SUMATERA BARAT
Tingkat Penyelesaian Pendidikan Menurut Jenjang Pendidikan dan Provinsi,SMA / Sederajat,2019,58.78,RIAU
Tingkat Penyelesaian Pendidikan Menurut Jenjang Pendidikan dan Provinsi,SMA / Sederajat,2019,56.87,JAMBI
Tingkat Penyelesaian Pendidikan Menurut Jenjang Pendidikan dan Provinsi,SMA / Sederajat,2019,58.23,SUMATERA SELATAN
Tingkat Penyelesaian Pendidikan Menurut Jenjang Pendidikan dan Provinsi,SMA / Sederajat,2019,61.47,BENGKULU
Tingkat Penyelesaian Pendidikan Menurut Jenjang Pendidikan dan Provinsi,SMA / Sederajat,2019,54.87,LAMPUNG
Tingkat Penyelesaian Pendidikan Menurut Jenjang Pendidikan dan Provinsi,SMA / Sederajat,2019,53.84,KEP. BANGKA BELITUNG
Tingkat Penyelesaian Pendidikan Menurut Jenjang Pendidikan dan Provinsi,SMA / Sederajat,2019,78.14,KEP. RIAU
Tingkat Penyelesaian Pendidikan Menurut Jenjang Pendidikan dan Provinsi,SMA / Sederajat,2019,84.35,DKI JAKARTA
Tingkat Penyelesaian Pendidikan Menurut Jenjang Pendidikan dan Provinsi,SMA / Sederajat,2019,57.46,JAWA BARAT
Tingkat Penyelesaian Pendidikan Menurut Jenjang Pendidikan dan Provinsi,SMA / Sederajat,2019,49.79,JAWA TENGAH
Tingkat Penyelesaian Pendidikan Menurut Jenjang Pendidikan dan Provinsi,SMA / Sederajat,2019,84.54,DI YOGYAKARTA
Tingkat Penyelesaian Pendidikan Menurut Jenjang Pendidikan dan Provinsi,SMA / Sederajat,2019,57.74,JAWA TIMUR
Tingkat Penyelesaian Pendidikan Menurut Jenjang Pendidikan dan Provinsi,SMA / Sederajat,2019,56.94,BANTEN
Tingkat Penyelesaian Pendidikan Menurut Jenjang Pendidikan dan Provinsi,SMA / Sederajat,2019,64.52,BALI
Tingkat Penyelesaian Pendidikan Menurut Jenjang Pendidikan dan Provinsi,SMA / Sederajat,2019,57.6,NUSA TENGGARA BARAT
Tingkat Penyelesaian Pendidikan Menurut Jenjang Pendidikan dan Provinsi,SMA / Sederajat,2019,43.85,NUSA TENGGARA TIMUR
Tingkat Penyelesaian Pendidikan Menurut Jenjang Pendidikan dan Provinsi,SMA / Sederajat,2019,49.29,KALIMANTAN BARAT
Tingkat Penyelesaian Pendidikan Menurut Jenjang Pendidikan dan Provinsi,SMA / Sederajat,2019,50.01,KALIMANTAN TENGAH
Tingkat Penyelesaian Pendidikan Menurut Jenjang Pendidikan dan Provinsi,SMA / Sederajat,2019,59.52,KALIMANTAN SELATAN
Tingkat Penyelesaian Pendidikan Menurut Jenjang Pendidikan dan Provinsi,SMA / Sederajat,2019,64.74,KALIMANTAN TIMUR
Tingkat Penyelesaian Pendidikan Menurut Jenjang Pendidikan dan Provinsi,SMA / Sederajat,2019,61.1,KALIMANTAN UTARA
Tingkat Penyelesaian Pendidikan Menurut Jenjang Pendidikan dan Provinsi,SMA / Sederajat,2019,67.58,SULAWESI UTARA
Tingkat Penyelesaian Pendidikan Menurut Jenjang Pendidikan dan Provinsi,SMA / Sederajat,2019,52,SULAWESI TENGAH
Tingkat Penyelesaian Pendidikan Menurut Jenjang Pendidikan dan Provinsi,SMA / Sederajat,2019,60.97,SULAWESI SELATAN
Tingkat Penyelesaian Pendidikan Menurut Jenjang Pendidikan dan Provinsi,SMA / Sederajat,2019,64.26,SULAWESI TENGGARA
Tingkat Penyelesaian Pendidikan Menurut Jenjang Pendidikan dan Provinsi,SMA / Sederajat,2019,50.87,GORONTALO
Tingkat Penyelesaian Pendidikan Menurut Jenjang Pendidikan dan Provinsi,SMA / Sederajat,2019,48.2,SULAWESI BARAT
Tingkat Penyelesaian Pendidikan Menurut Jenjang Pendidikan dan Provinsi,SMA / Sederajat,2019,67.82,MALUKU
Tingkat Penyelesaian Pendidikan Menurut Jenjang Pendidikan dan Provinsi,SMA / Sederajat,2019,59.13,MALUKU UTARA
Tingkat Penyelesaian Pendidikan Menurut Jenjang Pendidikan dan Provinsi,SMA / Sederajat,2019,50.95,PAPUA BARAT
Tingkat Penyelesaian Pendidikan Menurut Jenjang Pendidikan dan Provinsi,SMA / Sederajat,2019,27.44,PAPUA
Tingkat Penyelesaian Pendidikan Menurut Jenjang Pendidikan dan Provinsi,SMA / Sederajat,2019,58.33,INDONESIA
Tingkat Penyelesaian Pendidikan Menurut Jenjang Pendidikan dan Provinsi,SMP / Sederajat,2019,89.5,ACEH
Tingkat Penyelesaian Pendidikan Menurut Jenjang Pendidikan dan Provinsi,SMP / Sederajat,2019,88.26,SUMATERA UTARA
Tingkat Penyelesaian Pendidikan Menurut Jenjang Pendidikan dan Provinsi,SMP / Sederajat,2019,84.07,SUMATERA BARAT
Tingkat Penyelesaian Pendidikan Menurut Jenjang Pendidikan dan Provinsi,SMP / Sederajat,2019,84.97,RIAU
Tingkat Penyelesaian Pendidikan Menurut Jenjang Pendidikan dan Provinsi,SMP / Sederajat,2019,84.4,JAMBI
Tingkat Penyelesaian Pendidikan Menurut Jenjang Pendidikan dan Provinsi,SMP / Sederajat,2019,83.4,SUMATERA SELATAN
Tingkat Penyelesaian Pendidikan Menurut Jenjang Pendidikan dan Provinsi,SMP / Sederajat,2019,85.13,BENGKULU
Tingkat Penyelesaian Pendidikan Menurut Jenjang Pendidikan dan Provinsi,SMP / Sederajat,2019,84.08,LAMPUNG
Tingkat Penyelesaian Pendidikan Menurut Jenjang Pendidikan dan Provinsi,SMP / Sederajat,2019,77.96,KEP. BANGKA BELITUNG
Tingkat Penyelesaian Pendidikan Menurut Jenjang Pendidikan dan Provinsi,SMP / Sederajat,2019,91.56,KEP. RIAU
Tingkat Penyelesaian Pendidikan Menurut Jenjang Pendidikan dan Provinsi,SMP / Sederajat,2019,93.02,DKI JAKARTA
Tingkat Penyelesaian Pendidikan Menurut Jenjang Pendidikan dan Provinsi,SMP / Sederajat,2019,85.53,JAWA BARAT
Tingkat Penyelesaian Pendidikan Menurut Jenjang Pendidikan dan Provinsi,SMP / Sederajat,2019,85.47,JAWA TENGAH
Tingkat Penyelesaian Pendidikan Menurut Jenjang Pendidikan dan Provinsi,SMP / Sederajat,2019,92.34,DI YOGYAKARTA
Tingkat Penyelesaian Pendidikan Menurut Jenjang Pendidikan dan Provinsi,SMP / Sederajat,2019,86.21,JAWA TIMUR
Tingkat Penyelesaian Pendidikan Menurut Jenjang Pendidikan dan Provinsi,SMP / Sederajat,2019,87.4,BANTEN
Tingkat Penyelesaian Pendidikan Menurut Jenjang Pendidikan dan Provinsi,SMP / Sederajat,2019,93.33,BALI
Tingkat Penyelesaian Pendidikan Menurut Jenjang Pendidikan dan Provinsi,SMP / Sederajat,2019,88.64,NUSA TENGGARA BARAT
Tingkat Penyelesaian Pendidikan Menurut Jenjang Pendidikan dan Provinsi,SMP / Sederajat,2019,74.31,NUSA TENGGARA TIMUR
Tingkat Penyelesaian Pendidikan Menurut Jenjang Pendidikan dan Provinsi,SMP / Sederajat,2019,72.78,KALIMANTAN BARAT
Tingkat Penyelesaian Pendidikan Menurut Jenjang Pendidikan dan Provinsi,SMP / Sederajat,2019,81.01,KALIMANTAN TENGAH
Tingkat Penyelesaian Pendidikan Menurut Jenjang Pendidikan dan Provinsi,SMP / Sederajat,2019,82.77,KALIMANTAN SELATAN
Tingkat Penyelesaian Pendidikan Menurut Jenjang Pendidikan dan Provinsi,SMP / Sederajat,2019,86.98,KALIMANTAN TIMUR
Tingkat Penyelesaian Pendidikan Menurut Jenjang Pendidikan dan Provinsi,SMP / Sederajat,2019,83.85,KALIMANTAN UTARA
Tingkat Penyelesaian Pendidikan Menurut Jenjang Pendidikan dan Provinsi,SMP / Sederajat,2019,85.67,SULAWESI UTARA
Tingkat Penyelesaian Pendidikan Menurut Jenjang Pendidikan dan Provinsi,SMP / Sederajat,2019,82.23,SULAWESI TENGAH
Tingkat Penyelesaian Pendidikan Menurut Jenjang Pendidikan dan Provinsi,SMP / Sederajat,2019,83.74,SULAWESI SELATAN
Tingkat Penyelesaian Pendidikan Menurut Jenjang Pendidikan dan Provinsi,SMP / Sederajat,2019,85.46,SULAWESI TENGGARA
Tingkat Penyelesaian Pendidikan Menurut Jenjang Pendidikan dan Provinsi,SMP / Sederajat,2019,80.6,GORONTALO
Tingkat Penyelesaian Pendidikan Menurut Jenjang Pendidikan dan Provinsi,SMP / Sederajat,2019,77.68,SULAWESI BARAT
Tingkat Penyelesaian Pendidikan Menurut Jenjang Pendidikan dan Provinsi,SMP / Sederajat,2019,88.43,MALUKU
Tingkat Penyelesaian Pendidikan Menurut Jenjang Pendidikan dan Provinsi,SMP / Sederajat,2019,85.07,MALUKU UTARA
Tingkat Penyelesaian Pendidikan Menurut Jenjang Pendidikan dan Provinsi,SMP / Sederajat,2019,80.91,PAPUA BARAT
Tingkat Penyelesaian Pendidikan Menurut Jenjang Pendidikan dan Provinsi,SMP / Sederajat,2019,59.31,PAPUA
Tingkat Penyelesaian Pendidikan Menurut Jenjang Pendidikan dan Provinsi,SMP / Sederajat,2019,85.23,INDONESIA
Tingkat Penyelesaian Pendidikan Menurut Jenjang Pendidikan dan Provinsi,SD / Sederajat,2019,98.6,ACEH
Tingkat Penyelesaian Pendidikan Menurut Jenjang Pendidikan dan Provinsi,SD / Sederajat,2019,97.12,SUMATERA UTARA
Tingkat Penyelesaian Pendidikan Menurut Jenjang Pendidikan dan Provinsi,SD / Sederajat,2019,91.25,SUMATERA BARAT
Tingkat Penyelesaian Pendidikan Menurut Jenjang Pendidikan dan Provinsi,SD / Sederajat,2019,95.11,RIAU
Tingkat Penyelesaian Pendidikan Menurut Jenjang Pendidikan dan Provinsi,SD / Sederajat,2019,96.99,JAMBI
Tingkat Penyelesaian Pendidikan Menurut Jenjang Pendidikan dan Provinsi,SD / Sederajat,2019,96.08,SUMATERA SELATAN
Tingkat Penyelesaian Pendidikan Menurut Jenjang Pendidikan dan Provinsi,SD / Sederajat,2019,93.33,BENGKULU
Tingkat Penyelesaian Pendidikan Menurut Jenjang Pendidikan dan Provinsi,SD / Sederajat,2019,96.05,LAMPUNG
Tingkat Penyelesaian Pendidikan Menurut Jenjang Pendidikan dan Provinsi,SD / Sederajat,2019,92.8,KEP. BANGKA BELITUNG
Tingkat Penyelesaian Pendidikan Menurut Jenjang Pendidikan dan Provinsi,SD / Sederajat,2019,95.69,KEP. RIAU
Tingkat Penyelesaian Pendidikan Menurut Jenjang Pendidikan dan Provinsi,SD / Sederajat,2019,96.05,DKI JAKARTA
Tingkat Penyelesaian Pendidikan Menurut Jenjang Pendidikan dan Provinsi,SD / Sederajat,2019,97.92,JAWA BARAT
Tingkat Penyelesaian Pendidikan Menurut Jenjang Pendidikan dan Provinsi,SD / Sederajat,2019,96.61,JAWA TENGAH
Tingkat Penyelesaian Pendidikan Menurut Jenjang Pendidikan dan Provinsi,SD / Sederajat,2019,94.92,DI YOGYAKARTA
Tingkat Penyelesaian Pendidikan Menurut Jenjang Pendidikan dan Provinsi,SD / Sederajat,2019,96.3,JAWA TIMUR
Tingkat Penyelesaian Pendidikan Menurut Jenjang Pendidikan dan Provinsi,SD / Sederajat,2019,96.26,BANTEN
Tingkat Penyelesaian Pendidikan Menurut Jenjang Pendidikan dan Provinsi,SD / Sederajat,2019,98.34,BALI
Tingkat Penyelesaian Pendidikan Menurut Jenjang Pendidikan dan Provinsi,SD / Sederajat,2019,96.62,NUSA TENGGARA BARAT
Tingkat Penyelesaian Pendidikan Menurut Jenjang Pendidikan dan Provinsi,SD / Sederajat,2019,87.39,NUSA TENGGARA TIMUR
Tingkat Penyelesaian Pendidikan Menurut Jenjang Pendidikan dan Provinsi,SD / Sederajat,2019,88.23,KALIMANTAN BARAT
Tingkat Penyelesaian Pendidikan Menurut Jenjang Pendidikan dan Provinsi,SD / Sederajat,2019,94.66,KALIMANTAN TENGAH
Tingkat Penyelesaian Pendidikan Menurut Jenjang Pendidikan dan Provinsi,SD / Sederajat,2019,91.85,KALIMANTAN SELATAN
Tingkat Penyelesaian Pendidikan Menurut Jenjang Pendidikan dan Provinsi,SD / Sederajat,2019,96.07,KALIMANTAN TIMUR
Tingkat Penyelesaian Pendidikan Menurut Jenjang Pendidikan dan Provinsi,SD / Sederajat,2019,93.23,KALIMANTAN UTARA
Tingkat Penyelesaian Pendidikan Menurut Jenjang Pendidikan dan Provinsi,SD / Sederajat,2019,95.97,SULAWESI UTARA
Tingkat Penyelesaian Pendidikan Menurut Jenjang Pendidikan dan Provinsi,SD / Sederajat,2019,93.56,SULAWESI TENGAH
Tingkat Penyelesaian Pendidikan Menurut Jenjang Pendidikan dan Provinsi,SD / Sederajat,2019,95.18,SULAWESI SELATAN
Tingkat Penyelesaian Pendidikan Menurut Jenjang Pendidikan dan Provinsi,SD / Sederajat,2019,94.54,SULAWESI TENGGARA
Tingkat Penyelesaian Pendidikan Menurut Jenjang Pendidikan dan Provinsi,SD / Sederajat,2019,89.04,GORONTALO
Tingkat Penyelesaian Pendidikan Menurut Jenjang Pendidikan dan Provinsi,SD / Sederajat,2019,91.54,SULAWESI BARAT
Tingkat Penyelesaian Pendidikan Menurut Jenjang Pendidikan dan Provinsi,SD / Sederajat,2019,94.95,MALUKU
Tingkat Penyelesaian Pendidikan Menurut Jenjang Pendidikan dan Provinsi,SD / Sederajat,2019,94.66,MALUKU UTARA
Tingkat Penyelesaian Pendidikan Menurut Jenjang Pendidikan dan Provinsi,SD / Sederajat,2019,88.46,PAPUA BARAT
Tingkat Penyelesaian Pendidikan Menurut Jenjang Pendidikan dan Provinsi,SD / Sederajat,2019,73.07,PAPUA
Tingkat Penyelesaian Pendidikan Menurut Jenjang Pendidikan dan Provinsi,SD / Sederajat,2019,95.48,INDONESIA
Tingkat Penyelesaian Pendidikan Menurut Jenjang Pendidikan dan Provinsi,SMA / Sederajat,2018,70.68,ACEH
Tingkat Penyelesaian Pendidikan Menurut Jenjang Pendidikan dan Provinsi,SMA / Sederajat,2018,68.34,SUMATERA UTARA
Tingkat Penyelesaian Pendidikan Menurut Jenjang Pendidikan dan Provinsi,SMA / Sederajat,2018,65.34,SUMATERA BARAT
Tingkat Penyelesaian Pendidikan Menurut Jenjang Pendidikan dan Provinsi,SMA / Sederajat,2018,63.71,RIAU
Tingkat Penyelesaian Pendidikan Menurut Jenjang Pendidikan dan Provinsi,SMA / Sederajat,2018,66.06,JAMBI
Tingkat Penyelesaian Pendidikan Menurut Jenjang Pendidikan dan Provinsi,SMA / Sederajat,2018,63.94,SUMATERA SELATAN
Tingkat Penyelesaian Pendidikan Menurut Jenjang Pendidikan dan Provinsi,SMA / Sederajat,2018,58.86,BENGKULU
Tingkat Penyelesaian Pendidikan Menurut Jenjang Pendidikan dan Provinsi,SMA / Sederajat,2018,54.89,LAMPUNG
Tingkat Penyelesaian Pendidikan Menurut Jenjang Pendidikan dan Provinsi,SMA / Sederajat,2018,55.01,KEP. BANGKA BELITUNG
Tingkat Penyelesaian Pendidikan Menurut Jenjang Pendidikan dan Provinsi,SMA / Sederajat,2018,82.86,KEP. RIAU
Tingkat Penyelesaian Pendidikan Menurut Jenjang Pendidikan dan Provinsi,SMA / Sederajat,2018,83.48,DKI JAKARTA
Tingkat Penyelesaian Pendidikan Menurut Jenjang Pendidikan dan Provinsi,SMA / Sederajat,2018,61.04,JAWA BARAT
Tingkat Penyelesaian Pendidikan Menurut Jenjang Pendidikan dan Provinsi,SMA / Sederajat,2018,55.62,JAWA TENGAH
Tingkat Penyelesaian Pendidikan Menurut Jenjang Pendidikan dan Provinsi,SMA / Sederajat,2018,81.96,DI YOGYAKARTA
Tingkat Penyelesaian Pendidikan Menurut Jenjang Pendidikan dan Provinsi,SMA / Sederajat,2018,62.48,JAWA TIMUR
Tingkat Penyelesaian Pendidikan Menurut Jenjang Pendidikan dan Provinsi,SMA / Sederajat,2018,67.54,BANTEN
Tingkat Penyelesaian Pendidikan Menurut Jenjang Pendidikan dan Provinsi,SMA / Sederajat,2018,78.67,BALI
Tingkat Penyelesaian Pendidikan Menurut Jenjang Pendidikan dan Provinsi,SMA / Sederajat,2018,52.6,NUSA TENGGARA BARAT
Tingkat Penyelesaian Pendidikan Menurut Jenjang Pendidikan dan Provinsi,SMA / Sederajat,2018,43.41,NUSA TENGGARA TIMUR
Tingkat Penyelesaian Pendidikan Menurut Jenjang Pendidikan dan Provinsi,SMA / Sederajat,2018,47.66,KALIMANTAN BARAT
Tingkat Penyelesaian Pendidikan Menurut Jenjang Pendidikan dan Provinsi,SMA / Sederajat,2018,53.47,KALIMANTAN TENGAH
Tingkat Penyelesaian Pendidikan Menurut Jenjang Pendidikan dan Provinsi,SMA / Sederajat,2018,61.09,KALIMANTAN SELATAN
Tingkat Penyelesaian Pendidikan Menurut Jenjang Pendidikan dan Provinsi,SMA / Sederajat,2018,68.73,KALIMANTAN TIMUR
Tingkat Penyelesaian Pendidikan Menurut Jenjang Pendidikan dan Provinsi,SMA / Sederajat,2018,58.22,KALIMANTAN UTARA
Tingkat Penyelesaian Pendidikan Menurut Jenjang Pendidikan dan Provinsi,SMA / Sederajat,2018,70.02,SULAWESI UTARA
Tingkat Penyelesaian Pendidikan Menurut Jenjang Pendidikan dan Provinsi,SMA / Sederajat,2018,53.84,SULAWESI TENGAH
Tingkat Penyelesaian Pendidikan Menurut Jenjang Pendidikan dan Provinsi,SMA / Sederajat,2018,56.86,SULAWESI SELATAN
Tingkat Penyelesaian Pendidikan Menurut Jenjang Pendidikan dan Provinsi,SMA / Sederajat,2018,67.67,SULAWESI TENGGARA
Tingkat Penyelesaian Pendidikan Menurut Jenjang Pendidikan dan Provinsi,SMA / Sederajat,2018,52.39,GORONTALO
Tingkat Penyelesaian Pendidikan Menurut Jenjang Pendidikan dan Provinsi,SMA / Sederajat,2018,37.65,SULAWESI BARAT
Tingkat Penyelesaian Pendidikan Menurut Jenjang Pendidikan dan Provinsi,SMA / Sederajat,2018,66.42,MALUKU
Tingkat Penyelesaian Pendidikan Menurut Jenjang Pendidikan dan Provinsi,SMA / Sederajat,2018,60.07,MALUKU UTARA
Tingkat Penyelesaian Pendidikan Menurut Jenjang Pendidikan dan Provinsi,SMA / Sederajat,2018,60.47,PAPUA BARAT
Tingkat Penyelesaian Pendidikan Menurut Jenjang Pendidikan dan Provinsi,SMA / Sederajat,2018,29.56,PAPUA
Tingkat Penyelesaian Pendidikan Menurut Jenjang Pendidikan dan Provinsi,SMA / Sederajat,2018,61.84,INDONESIA
Tingkat Penyelesaian Pendidikan Menurut Jenjang Pendidikan dan Provinsi,SMP / Sederajat,2018,87.15,ACEH
Tingkat Penyelesaian Pendidikan Menurut Jenjang Pendidikan dan Provinsi,SMP / Sederajat,2018,87.97,SUMATERA UTARA
Tingkat Penyelesaian Pendidikan Menurut Jenjang Pendidikan dan Provinsi,SMP / Sederajat,2018,82.59,SUMATERA BARAT
Tingkat Penyelesaian Pendidikan Menurut Jenjang Pendidikan dan Provinsi,SMP / Sederajat,2018,83.45,RIAU
Tingkat Penyelesaian Pendidikan Menurut Jenjang Pendidikan dan Provinsi,SMP / Sederajat,2018,83.29,JAMBI
Tingkat Penyelesaian Pendidikan Menurut Jenjang Pendidikan dan Provinsi,SMP / Sederajat,2018,84.18,SUMATERA SELATAN
Tingkat Penyelesaian Pendidikan Menurut Jenjang Pendidikan dan Provinsi,SMP / Sederajat,2018,86.34,BENGKULU
Tingkat Penyelesaian Pendidikan Menurut Jenjang Pendidikan dan Provinsi,SMP / Sederajat,2018,85.09,LAMPUNG
Tingkat Penyelesaian Pendidikan Menurut Jenjang Pendidikan dan Provinsi,SMP / Sederajat,2018,79.7,KEP. BANGKA BELITUNG
Tingkat Penyelesaian Pendidikan Menurut Jenjang Pendidikan dan Provinsi,SMP / Sederajat,2018,90.15,KEP. RIAU
Tingkat Penyelesaian Pendidikan Menurut Jenjang Pendidikan dan Provinsi,SMP / Sederajat,2018,92.8,DKI JAKARTA
Tingkat Penyelesaian Pendidikan Menurut Jenjang Pendidikan dan Provinsi,SMP / Sederajat,2018,85.18,JAWA BARAT
Tingkat Penyelesaian Pendidikan Menurut Jenjang Pendidikan dan Provinsi,SMP / Sederajat,2018,86.9,JAWA TENGAH
Tingkat Penyelesaian Pendidikan Menurut Jenjang Pendidikan dan Provinsi,SMP / Sederajat,2018,92.66,DI YOGYAKARTA
Tingkat Penyelesaian Pendidikan Menurut Jenjang Pendidikan dan Provinsi,SMP / Sederajat,2018,86.04,JAWA TIMUR
Tingkat Penyelesaian Pendidikan Menurut Jenjang Pendidikan dan Provinsi,SMP / Sederajat,2018,85.21,BANTEN
Tingkat Penyelesaian Pendidikan Menurut Jenjang Pendidikan dan Provinsi,SMP / Sederajat,2018,93.78,BALI
Tingkat Penyelesaian Pendidikan Menurut Jenjang Pendidikan dan Provinsi,SMP / Sederajat,2018,87.88,NUSA TENGGARA BARAT
Tingkat Penyelesaian Pendidikan Menurut Jenjang Pendidikan dan Provinsi,SMP / Sederajat,2018,71.42,NUSA TENGGARA TIMUR
Tingkat Penyelesaian Pendidikan Menurut Jenjang Pendidikan dan Provinsi,SMP / Sederajat,2018,71.47,KALIMANTAN BARAT
Tingkat Penyelesaian Pendidikan Menurut Jenjang Pendidikan dan Provinsi,SMP / Sederajat,2018,79.87,KALIMANTAN TENGAH
Tingkat Penyelesaian Pendidikan Menurut Jenjang Pendidikan dan Provinsi,SMP / Sederajat,2018,84.05,KALIMANTAN SELATAN
Tingkat Penyelesaian Pendidikan Menurut Jenjang Pendidikan dan Provinsi,SMP / Sederajat,2018,89.14,KALIMANTAN TIMUR
Tingkat Penyelesaian Pendidikan Menurut Jenjang Pendidikan dan Provinsi,SMP / Sederajat,2018,82.85,KALIMANTAN UTARA
Tingkat Penyelesaian Pendidikan Menurut Jenjang Pendidikan dan Provinsi,SMP / Sederajat,2018,86.72,SULAWESI UTARA
Tingkat Penyelesaian Pendidikan Menurut Jenjang Pendidikan dan Provinsi,SMP / Sederajat,2018,78.61,SULAWESI TENGAH
Tingkat Penyelesaian Pendidikan Menurut Jenjang Pendidikan dan Provinsi,SMP / Sederajat,2018,83.32,SULAWESI SELATAN
Tingkat Penyelesaian Pendidikan Menurut Jenjang Pendidikan dan Provinsi,SMP / Sederajat,2018,86.05,SULAWESI TENGGARA
Tingkat Penyelesaian Pendidikan Menurut Jenjang Pendidikan dan Provinsi,SMP / Sederajat,2018,77.41,GORONTALO
Tingkat Penyelesaian Pendidikan Menurut Jenjang Pendidikan dan Provinsi,SMP / Sederajat,2018,78.83,SULAWESI BARAT
Tingkat Penyelesaian Pendidikan Menurut Jenjang Pendidikan dan Provinsi,SMP / Sederajat,2018,86.38,MALUKU
Tingkat Penyelesaian Pendidikan Menurut Jenjang Pendidikan dan Provinsi,SMP / Sederajat,2018,85.39,MALUKU UTARA
Tingkat Penyelesaian Pendidikan Menurut Jenjang Pendidikan dan Provinsi,SMP / Sederajat,2018,81.19,PAPUA BARAT
Tingkat Penyelesaian Pendidikan Menurut Jenjang Pendidikan dan Provinsi,SMP / Sederajat,2018,57.19,PAPUA
Tingkat Penyelesaian Pendidikan Menurut Jenjang Pendidikan dan Provinsi,SMP / Sederajat,2018,84.96,INDONESIA
Tingkat Penyelesaian Pendidikan Menurut Jenjang Pendidikan dan Provinsi,SD / Sederajat,2018,96.75,ACEH
Tingkat Penyelesaian Pendidikan Menurut Jenjang Pendidikan dan Provinsi,SD / Sederajat,2018,95.76,SUMATERA UTARA
Tingkat Penyelesaian Pendidikan Menurut Jenjang Pendidikan dan Provinsi,SD / Sederajat,2018,90.54,SUMATERA BARAT
Tingkat Penyelesaian Pendidikan Menurut Jenjang Pendidikan dan Provinsi,SD / Sederajat,2018,95.39,RIAU
Tingkat Penyelesaian Pendidikan Menurut Jenjang Pendidikan dan Provinsi,SD / Sederajat,2018,94.62,JAMBI
Tingkat Penyelesaian Pendidikan Menurut Jenjang Pendidikan dan Provinsi,SD / Sederajat,2018,94.02,SUMATERA SELATAN
Tingkat Penyelesaian Pendidikan Menurut Jenjang Pendidikan dan Provinsi,SD / Sederajat,2018,93.2,BENGKULU
Tingkat Penyelesaian Pendidikan Menurut Jenjang Pendidikan dan Provinsi,SD / Sederajat,2018,95.39,LAMPUNG
Tingkat Penyelesaian Pendidikan Menurut Jenjang Pendidikan dan Provinsi,SD / Sederajat,2018,92.04,KEP. BANGKA BELITUNG
Tingkat Penyelesaian Pendidikan Menurut Jenjang Pendidikan dan Provinsi,SD / Sederajat,2018,98.13,KEP. RIAU
Tingkat Penyelesaian Pendidikan Menurut Jenjang Pendidikan dan Provinsi,SD / Sederajat,2018,95.26,DKI JAKARTA
Tingkat Penyelesaian Pendidikan Menurut Jenjang Pendidikan dan Provinsi,SD / Sederajat,2018,97.08,JAWA BARAT
Tingkat Penyelesaian Pendidikan Menurut Jenjang Pendidikan dan Provinsi,SD / Sederajat,2018,96.15,JAWA TENGAH
Tingkat Penyelesaian Pendidikan Menurut Jenjang Pendidikan dan Provinsi,SD / Sederajat,2018,95.12,DI YOGYAKARTA
Tingkat Penyelesaian Pendidikan Menurut Jenjang Pendidikan dan Provinsi,SD / Sederajat,2018,95.7,JAWA TIMUR
Tingkat Penyelesaian Pendidikan Menurut Jenjang Pendidikan dan Provinsi,SD / Sederajat,2018,95.35,BANTEN
Tingkat Penyelesaian Pendidikan Menurut Jenjang Pendidikan dan Provinsi,SD / Sederajat,2018,96.4,BALI
Tingkat Penyelesaian Pendidikan Menurut Jenjang Pendidikan dan Provinsi,SD / Sederajat,2018,97.59,NUSA TENGGARA BARAT
Tingkat Penyelesaian Pendidikan Menurut Jenjang Pendidikan dan Provinsi,SD / Sederajat,2018,83.87,NUSA TENGGARA TIMUR
Tingkat Penyelesaian Pendidikan Menurut Jenjang Pendidikan dan Provinsi,SD / Sederajat,2018,86.44,KALIMANTAN BARAT
Tingkat Penyelesaian Pendidikan Menurut Jenjang Pendidikan dan Provinsi,SD / Sederajat,2018,93.33,KALIMANTAN TENGAH
Tingkat Penyelesaian Pendidikan Menurut Jenjang Pendidikan dan Provinsi,SD / Sederajat,2018,92.2,KALIMANTAN SELATAN
Tingkat Penyelesaian Pendidikan Menurut Jenjang Pendidikan dan Provinsi,SD / Sederajat,2018,95.32,KALIMANTAN TIMUR
Tingkat Penyelesaian Pendidikan Menurut Jenjang Pendidikan dan Provinsi,SD / Sederajat,2018,92.03,KALIMANTAN UTARA
Tingkat Penyelesaian Pendidikan Menurut Jenjang Pendidikan dan Provinsi,SD / Sederajat,2018,95.48,SULAWESI UTARA
Tingkat Penyelesaian Pendidikan Menurut Jenjang Pendidikan dan Provinsi,SD / Sederajat,2018,91.44,SULAWESI TENGAH
Tingkat Penyelesaian Pendidikan Menurut Jenjang Pendidikan dan Provinsi,SD / Sederajat,2018,94.05,SULAWESI SELATAN
Tingkat Penyelesaian Pendidikan Menurut Jenjang Pendidikan dan Provinsi,SD / Sederajat,2018,95.25,SULAWESI TENGGARA
Tingkat Penyelesaian Pendidikan Menurut Jenjang Pendidikan dan Provinsi,SD / Sederajat,2018,88.24,GORONTALO
Tingkat Penyelesaian Pendidikan Menurut Jenjang Pendidikan dan Provinsi,SD / Sederajat,2018,92.6,SULAWESI BARAT
Tingkat Penyelesaian Pendidikan Menurut Jenjang Pendidikan dan Provinsi,SD / Sederajat,2018,94.49,MALUKU
Tingkat Penyelesaian Pendidikan Menurut Jenjang Pendidikan dan Provinsi,SD / Sederajat,2018,95.65,MALUKU UTARA
Tingkat Penyelesaian Pendidikan Menurut Jenjang Pendidikan dan Provinsi,SD / Sederajat,2018,86.46,PAPUA BARAT
Tingkat Penyelesaian Pendidikan Menurut Jenjang Pendidikan dan Provinsi,SD / Sederajat,2018,71.83,PAPUA
Tingkat Penyelesaian Pendidikan Menurut Jenjang Pendidikan dan Provinsi,SD / Sederajat,2018,94.68,INDONESIA
Tingkat Penyelesaian Pendidikan Menurut Jenjang Pendidikan dan Provinsi,SMA / Sederajat,2017,70.64,ACEH
Tingkat Penyelesaian Pendidikan Menurut Jenjang Pendidikan dan Provinsi,SMA / Sederajat,2017,67.16,SUMATERA UTARA
Tingkat Penyelesaian Pendidikan Menurut Jenjang Pendidikan dan Provinsi,SMA / Sederajat,2017,60.8,SUMATERA BARAT
Tingkat Penyelesaian Pendidikan Menurut Jenjang Pendidikan dan Provinsi,SMA / Sederajat,2017,61.9,RIAU
Tingkat Penyelesaian Pendidikan Menurut Jenjang Pendidikan dan Provinsi,SMA / Sederajat,2017,58.27,JAMBI
Tingkat Penyelesaian Pendidikan Menurut Jenjang Pendidikan dan Provinsi,SMA / Sederajat,2017,54.15,SUMATERA SELATAN
Tingkat Penyelesaian Pendidikan Menurut Jenjang Pendidikan dan Provinsi,SMA / Sederajat,2017,62.57,BENGKULU
Tingkat Penyelesaian Pendidikan Menurut Jenjang Pendidikan dan Provinsi,SMA / Sederajat,2017,48.75,LAMPUNG
Tingkat Penyelesaian Pendidikan Menurut Jenjang Pendidikan dan Provinsi,SMA / Sederajat,2017,51.55,KEP. BANGKA BELITUNG
Tingkat Penyelesaian Pendidikan Menurut Jenjang Pendidikan dan Provinsi,SMA / Sederajat,2017,83.55,KEP. RIAU
Tingkat Penyelesaian Pendidikan Menurut Jenjang Pendidikan dan Provinsi,SMA / Sederajat,2017,78.25,DKI JAKARTA
Tingkat Penyelesaian Pendidikan Menurut Jenjang Pendidikan dan Provinsi,SMA / Sederajat,2017,48.32,JAWA BARAT
Tingkat Penyelesaian Pendidikan Menurut Jenjang Pendidikan dan Provinsi,SMA / Sederajat,2017,51.52,JAWA TENGAH
Tingkat Penyelesaian Pendidikan Menurut Jenjang Pendidikan dan Provinsi,SMA / Sederajat,2017,85.53,DI YOGYAKARTA
Tingkat Penyelesaian Pendidikan Menurut Jenjang Pendidikan dan Provinsi,SMA / Sederajat,2017,59.9,JAWA TIMUR
Tingkat Penyelesaian Pendidikan Menurut Jenjang Pendidikan dan Provinsi,SMA / Sederajat,2017,59.87,BANTEN
Tingkat Penyelesaian Pendidikan Menurut Jenjang Pendidikan dan Provinsi,SMA / Sederajat,2017,74.62,BALI
Tingkat Penyelesaian Pendidikan Menurut Jenjang Pendidikan dan Provinsi,SMA / Sederajat,2017,59.1,NUSA TENGGARA BARAT
Tingkat Penyelesaian Pendidikan Menurut Jenjang Pendidikan dan Provinsi,SMA / Sederajat,2017,41.44,NUSA TENGGARA TIMUR
Tingkat Penyelesaian Pendidikan Menurut Jenjang Pendidikan dan Provinsi,SMA / Sederajat,2017,42.7,KALIMANTAN BARAT
Tingkat Penyelesaian Pendidikan Menurut Jenjang Pendidikan dan Provinsi,SMA / Sederajat,2017,56.48,KALIMANTAN TENGAH
Tingkat Penyelesaian Pendidikan Menurut Jenjang Pendidikan dan Provinsi,SMA / Sederajat,2017,56.75,KALIMANTAN SELATAN
Tingkat Penyelesaian Pendidikan Menurut Jenjang Pendidikan dan Provinsi,SMA / Sederajat,2017,67.72,KALIMANTAN TIMUR
Tingkat Penyelesaian Pendidikan Menurut Jenjang Pendidikan dan Provinsi,SMA / Sederajat,2017,57.43,KALIMANTAN UTARA
Tingkat Penyelesaian Pendidikan Menurut Jenjang Pendidikan dan Provinsi,SMA / Sederajat,2017,67.46,SULAWESI UTARA
Tingkat Penyelesaian Pendidikan Menurut Jenjang Pendidikan dan Provinsi,SMA / Sederajat,2017,62.73,SULAWESI TENGAH
Tingkat Penyelesaian Pendidikan Menurut Jenjang Pendidikan dan Provinsi,SMA / Sederajat,2017,63.82,SULAWESI SELATAN
Tingkat Penyelesaian Pendidikan Menurut Jenjang Pendidikan dan Provinsi,SMA / Sederajat,2017,67.75,SULAWESI TENGGARA
Tingkat Penyelesaian Pendidikan Menurut Jenjang Pendidikan dan Provinsi,SMA / Sederajat,2017,55.3,GORONTALO
Tingkat Penyelesaian Pendidikan Menurut Jenjang Pendidikan dan Provinsi,SMA / Sederajat,2017,56.17,SULAWESI BARAT
Tingkat Penyelesaian Pendidikan Menurut Jenjang Pendidikan dan Provinsi,SMA / Sederajat,2017,73.58,MALUKU
Tingkat Penyelesaian Pendidikan Menurut Jenjang Pendidikan dan Provinsi,SMA / Sederajat,2017,65.14,MALUKU UTARA
Tingkat Penyelesaian Pendidikan Menurut Jenjang Pendidikan dan Provinsi,SMA / Sederajat,2017,62.81,PAPUA BARAT
Tingkat Penyelesaian Pendidikan Menurut Jenjang Pendidikan dan Provinsi,SMA / Sederajat,2017,33.82,PAPUA
Tingkat Penyelesaian Pendidikan Menurut Jenjang Pendidikan dan Provinsi,SMA / Sederajat,2017,57.71,INDONESIA
Tingkat Penyelesaian Pendidikan Menurut Jenjang Pendidikan dan Provinsi,SMP / Sederajat,2017,89.42,ACEH
Tingkat Penyelesaian Pendidikan Menurut Jenjang Pendidikan dan Provinsi,SMP / Sederajat,2017,88.7,SUMATERA UTARA
Tingkat Penyelesaian Pendidikan Menurut Jenjang Pendidikan dan Provinsi,SMP / Sederajat,2017,81.11,SUMATERA BARAT
Tingkat Penyelesaian Pendidikan Menurut Jenjang Pendidikan dan Provinsi,SMP / Sederajat,2017,85.37,RIAU
Tingkat Penyelesaian Pendidikan Menurut Jenjang Pendidikan dan Provinsi,SMP / Sederajat,2017,84.9,JAMBI
Tingkat Penyelesaian Pendidikan Menurut Jenjang Pendidikan dan Provinsi,SMP / Sederajat,2017,82.59,SUMATERA SELATAN
Tingkat Penyelesaian Pendidikan Menurut Jenjang Pendidikan dan Provinsi,SMP / Sederajat,2017,82.9,BENGKULU
Tingkat Penyelesaian Pendidikan Menurut Jenjang Pendidikan dan Provinsi,SMP / Sederajat,2017,85.02,LAMPUNG
Tingkat Penyelesaian Pendidikan Menurut Jenjang Pendidikan dan Provinsi,SMP / Sederajat,2017,75.3,KEP. BANGKA BELITUNG
Tingkat Penyelesaian Pendidikan Menurut Jenjang Pendidikan dan Provinsi,SMP / Sederajat,2017,92.11,KEP. RIAU
Tingkat Penyelesaian Pendidikan Menurut Jenjang Pendidikan dan Provinsi,SMP / Sederajat,2017,91.2,DKI JAKARTA
Tingkat Penyelesaian Pendidikan Menurut Jenjang Pendidikan dan Provinsi,SMP / Sederajat,2017,84.64,JAWA BARAT
Tingkat Penyelesaian Pendidikan Menurut Jenjang Pendidikan dan Provinsi,SMP / Sederajat,2017,87.24,JAWA TENGAH
Tingkat Penyelesaian Pendidikan Menurut Jenjang Pendidikan dan Provinsi,SMP / Sederajat,2017,92.13,DI YOGYAKARTA
Tingkat Penyelesaian Pendidikan Menurut Jenjang Pendidikan dan Provinsi,SMP / Sederajat,2017,86.2,JAWA TIMUR
Tingkat Penyelesaian Pendidikan Menurut Jenjang Pendidikan dan Provinsi,SMP / Sederajat,2017,86.82,BANTEN
Tingkat Penyelesaian Pendidikan Menurut Jenjang Pendidikan dan Provinsi,SMP / Sederajat,2017,91.43,BALI
Tingkat Penyelesaian Pendidikan Menurut Jenjang Pendidikan dan Provinsi,SMP / Sederajat,2017,87.14,NUSA TENGGARA BARAT
Tingkat Penyelesaian Pendidikan Menurut Jenjang Pendidikan dan Provinsi,SMP / Sederajat,2017,70.54,NUSA TENGGARA TIMUR
Tingkat Penyelesaian Pendidikan Menurut Jenjang Pendidikan dan Provinsi,SMP / Sederajat,2017,72.54,KALIMANTAN BARAT
Tingkat Penyelesaian Pendidikan Menurut Jenjang Pendidikan dan Provinsi,SMP / Sederajat,2017,76.84,KALIMANTAN TENGAH
Tingkat Penyelesaian Pendidikan Menurut Jenjang Pendidikan dan Provinsi,SMP / Sederajat,2017,77.11,KALIMANTAN SELATAN
Tingkat Penyelesaian Pendidikan Menurut Jenjang Pendidikan dan Provinsi,SMP / Sederajat,2017,88.31,KALIMANTAN TIMUR
Tingkat Penyelesaian Pendidikan Menurut Jenjang Pendidikan dan Provinsi,SMP / Sederajat,2017,82.36,KALIMANTAN UTARA
Tingkat Penyelesaian Pendidikan Menurut Jenjang Pendidikan dan Provinsi,SMP / Sederajat,2017,86.01,SULAWESI UTARA
Tingkat Penyelesaian Pendidikan Menurut Jenjang Pendidikan dan Provinsi,SMP / Sederajat,2017,81.72,SULAWESI TENGAH
Tingkat Penyelesaian Pendidikan Menurut Jenjang Pendidikan dan Provinsi,SMP / Sederajat,2017,83.01,SULAWESI SELATAN
Tingkat Penyelesaian Pendidikan Menurut Jenjang Pendidikan dan Provinsi,SMP / Sederajat,2017,85.1,SULAWESI TENGGARA
Tingkat Penyelesaian Pendidikan Menurut Jenjang Pendidikan dan Provinsi,SMP / Sederajat,2017,73.62,GORONTALO
Tingkat Penyelesaian Pendidikan Menurut Jenjang Pendidikan dan Provinsi,SMP / Sederajat,2017,78.46,SULAWESI BARAT
Tingkat Penyelesaian Pendidikan Menurut Jenjang Pendidikan dan Provinsi,SMP / Sederajat,2017,84.35,MALUKU
Tingkat Penyelesaian Pendidikan Menurut Jenjang Pendidikan dan Provinsi,SMP / Sederajat,2017,83.76,MALUKU UTARA
Tingkat Penyelesaian Pendidikan Menurut Jenjang Pendidikan dan Provinsi,SMP / Sederajat,2017,78.31,PAPUA BARAT
Tingkat Penyelesaian Pendidikan Menurut Jenjang Pendidikan dan Provinsi,SMP / Sederajat,2017,57.86,PAPUA
Tingkat Penyelesaian Pendidikan Menurut Jenjang Pendidikan dan Provinsi,SMP / Sederajat,2017,84.74,INDONESIA
Tingkat Penyelesaian Pendidikan Menurut Jenjang Pendidikan dan Provinsi,SD / Sederajat,2017,97.85,ACEH
Tingkat Penyelesaian Pendidikan Menurut Jenjang Pendidikan dan Provinsi,SD / Sederajat,2017,97.63,SUMATERA UTARA
Tingkat Penyelesaian Pendidikan Menurut Jenjang Pendidikan dan Provinsi,SD / Sederajat,2017,92.67,SUMATERA BARAT
Tingkat Penyelesaian Pendidikan Menurut Jenjang Pendidikan dan Provinsi,SD / Sederajat,2017,94.76,RIAU
Tingkat Penyelesaian Pendidikan Menurut Jenjang Pendidikan dan Provinsi,SD / Sederajat,2017,95.65,JAMBI
Tingkat Penyelesaian Pendidikan Menurut Jenjang Pendidikan dan Provinsi,SD / Sederajat,2017,95.88,SUMATERA SELATAN
Tingkat Penyelesaian Pendidikan Menurut Jenjang Pendidikan dan Provinsi,SD / Sederajat,2017,94.23,BENGKULU
Tingkat Penyelesaian Pendidikan Menurut Jenjang Pendidikan dan Provinsi,SD / Sederajat,2017,96.67,LAMPUNG
Tingkat Penyelesaian Pendidikan Menurut Jenjang Pendidikan dan Provinsi,SD / Sederajat,2017,92.36,KEP. BANGKA BELITUNG
Tingkat Penyelesaian Pendidikan Menurut Jenjang Pendidikan dan Provinsi,SD / Sederajat,2017,96.28,KEP. RIAU
Tingkat Penyelesaian Pendidikan Menurut Jenjang Pendidikan dan Provinsi,SD / Sederajat,2017,97.2,DKI JAKARTA
Tingkat Penyelesaian Pendidikan Menurut Jenjang Pendidikan dan Provinsi,SD / Sederajat,2017,96.97,JAWA BARAT
Tingkat Penyelesaian Pendidikan Menurut Jenjang Pendidikan dan Provinsi,SD / Sederajat,2017,96.25,JAWA TENGAH
Tingkat Penyelesaian Pendidikan Menurut Jenjang Pendidikan dan Provinsi,SD / Sederajat,2017,96.97,DI YOGYAKARTA
Tingkat Penyelesaian Pendidikan Menurut Jenjang Pendidikan dan Provinsi,SD / Sederajat,2017,96.1,JAWA TIMUR
Tingkat Penyelesaian Pendidikan Menurut Jenjang Pendidikan dan Provinsi,SD / Sederajat,2017,97.56,BANTEN
Tingkat Penyelesaian Pendidikan Menurut Jenjang Pendidikan dan Provinsi,SD / Sederajat,2017,97.21,BALI
Tingkat Penyelesaian Pendidikan Menurut Jenjang Pendidikan dan Provinsi,SD / Sederajat,2017,96.79,NUSA TENGGARA BARAT
Tingkat Penyelesaian Pendidikan Menurut Jenjang Pendidikan dan Provinsi,SD / Sederajat,2017,85.07,NUSA TENGGARA TIMUR
Tingkat Penyelesaian Pendidikan Menurut Jenjang Pendidikan dan Provinsi,SD / Sederajat,2017,86,KALIMANTAN BARAT
Tingkat Penyelesaian Pendidikan Menurut Jenjang Pendidikan dan Provinsi,SD / Sederajat,2017,93.06,KALIMANTAN TENGAH
Tingkat Penyelesaian Pendidikan Menurut Jenjang Pendidikan dan Provinsi,SD / Sederajat,2017,92.49,KALIMANTAN SELATAN
Tingkat Penyelesaian Pendidikan Menurut Jenjang Pendidikan dan Provinsi,SD / Sederajat,2017,96.42,KALIMANTAN TIMUR
Tingkat Penyelesaian Pendidikan Menurut Jenjang Pendidikan dan Provinsi,SD / Sederajat,2017,92.04,KALIMANTAN UTARA
Tingkat Penyelesaian Pendidikan Menurut Jenjang Pendidikan dan Provinsi,SD / Sederajat,2017,95.9,SULAWESI UTARA
Tingkat Penyelesaian Pendidikan Menurut Jenjang Pendidikan dan Provinsi,SD / Sederajat,2017,92.83,SULAWESI TENGAH
Tingkat Penyelesaian Pendidikan Menurut Jenjang Pendidikan dan Provinsi,SD / Sederajat,2017,94.53,SULAWESI SELATAN
Tingkat Penyelesaian Pendidikan Menurut Jenjang Pendidikan dan Provinsi,SD / Sederajat,2017,94.16,SULAWESI TENGGARA
Tingkat Penyelesaian Pendidikan Menurut Jenjang Pendidikan dan Provinsi,SD / Sederajat,2017,87.14,GORONTALO
Tingkat Penyelesaian Pendidikan Menurut Jenjang Pendidikan dan Provinsi,SD / Sederajat,2017,90.29,SULAWESI BARAT
Tingkat Penyelesaian Pendidikan Menurut Jenjang Pendidikan dan Provinsi,SD / Sederajat,2017,93.98,MALUKU
Tingkat Penyelesaian Pendidikan Menurut Jenjang Pendidikan dan Provinsi,SD / Sederajat,2017,95.37,MALUKU UTARA
Tingkat Penyelesaian Pendidikan Menurut Jenjang Pendidikan dan Provinsi,SD / Sederajat,2017,85.96,PAPUA BARAT
Tingkat Penyelesaian Pendidikan Menurut Jenjang Pendidikan dan Provinsi,SD / Sederajat,2017,74.18,PAPUA
Tingkat Penyelesaian Pendidikan Menurut Jenjang Pendidikan dan Provinsi,SD / Sederajat,2017,95.25,INDONESIA
